Target Name,Target No.,preprocessed,Focus Text,Shortest Match Name,Shortest Match No.,Non-NASDAQ OTC Match Name,Non-NASDAQ OTC Match No.,Matched Name 1,Matched No. 1,Matched Score 1,Matched Name 2,Matched No. 2,Matched Score 2,Matched Name 3,Matched No. 3,Matched Score 3,Matched Name 4,Matched No. 4,Matched Score 4,Matched Name 5,Matched No. 5,Matched Score 5,Matched Name 6,Matched No. 6,Matched Score 6,Matched Name 7,Matched No. 7,Matched Score 7,Matched Name 8,Matched No. 8,Matched Score 8,Matched Name 9,Matched No. 9,Matched Score 9,Matched Name 10,Matched No. 10,Matched Score 10
Ceran - Companhia Energetica Rio das Antas,4434,ceran  companhia energetica rio das antas,ceran,,,,,Era Group,46948,99.14,CER Group (Berlin),300136,99.14,CE Holdings,108530,99.09,RA International Group,126784,99.09,C Holdings,24873,99.05,Viro Tvornica Secera,96607,88.47,Fadip Concern,34483,88.41,STX Pan Ocean (XETRA),315815,88.41,Fabrika Secera,82949,88.4,Transocean Holdings,114491,88.38
Cerigo Capital Limited,10986,cerigo capital,cerigo,,,,,IGO,55162,99.35,IGO,73572,99.35,IGO,80627,99.35,ERI Holdings,109402,99.35,IGO (Non-NASDAQ OTC),246303,99.35,IGO (Frankfurt),271186,99.35,IGO (Frankfurt),279424,99.35,IGO (Frankfurt),295263,99.35,CER Group (Berlin),300136,99.35,IGO (XETRA),306426,99.35
CES TREASURY PTE. LTD.,17973,ces treasury pte.,ces,CES International,53090.0,CES Energy Solutions (Non-NASDAQ OTC),244544.0,CS Resources,6965,99.62,Crest Resources,82373,99.62,Crest Resources (Non-NASDAQ OTC),244886,99.62,Crest Resources (Frankfurt),262449,99.62,CUE Resources,6987,99.6,International CHS Resources,9037,99.6,CEC Resources,70963,99.6,International CHS Resources (Non-NASDAQ OTC),237300,99.6,CUE Resources (Berlin),285583,99.6,ESP Resources (Berlin),286027,99.6
CETIN a.s.,7417,cetin a.s.,cetin,,,,,CET (ex-IGF),15808,99.46,CET,33233,99.46,ETI International,54157,99.46,Boksiti AD Cetinje,91637,99.36,Trgocet AD Cetinje,96409,99.36,C-Promet AD Cetinje,91702,99.34,CE Holdings,108530,99.33,TI Group,183594,99.33,TI Group,201171,99.33,Kartonaza AD Cetinje,94015,99.33
CETIN Finance B.V.,16426,cetin b.v.,cetin,,,,,CET (ex-IGF),15808,99.46,CET,33233,99.46,ETI International,54157,99.46,Boksiti AD Cetinje,91637,99.36,Trgocet AD Cetinje,96409,99.36,C-Promet AD Cetinje,91702,99.34,CE Holdings,108530,99.33,TI Group,183594,99.33,TI Group,201171,99.33,Kartonaza AD Cetinje,94015,99.33
Cetrel S.A.,4327,cetrel,cetrel,,,,,CET (ex-IGF),15808,99.67,CET,33233,99.67,Tre,68799,99.67,Tre Holdings,114500,99.67,CE Holdings,108530,99.5,El Company,109292,99.5,El Company,227555,99.5,T Bank,22692,99.29,C Holdings,24873,99.29,Relx,21521,85.74
"CF Credit Services, S.A. de C.V., SOFOM, ER",15669,cf credit services de c.v. sofom er,cf,Global CF,144766.0,CF Energy (Non-NASDAQ OTC),244547.0,Credit Commercial de France CCF (Frankfurt),294152,99.52,Uscf Dividend Income Fund,191621,99.47,CFL Capital Financial Services,25023,99.46,CFN Enterprises,128690,99.44,Coril Renta Prime Soles 5 CF,108825,99.44,Swiss Francs Retail Properties Fund CF,116140,99.44,Coril Renta Prime Soles FI CF,174858,99.44,FII Tourmalet V Ed Cidade Nova CF,149087,99.44,CNCSF Centr 1 CF,143387,99.43,CNCSF Centr 3 CF,143388,99.43
"CF INDUSTRIES SALES, LLC",24516,cf industries sales,cf,Global CF,144766.0,CF Energy (Non-NASDAQ OTC),244547.0,CF Industries Holdings,133240,99.81,CF Industries Holdings,193927,99.81,CF Industries Holdings (Mexico),217066,99.81,CF Industries Holdings (BRN),224099,99.81,CF Industries Holdings (MIC),224100,99.81,CF Industries Holdings (Frankfurt),262098,99.81,CF Industries Holdings (XETRA),305072,99.81,ACF Industries,62002,99.79,CFI Industries,71052,99.79,CFN Enterprises,128690,99.59
"CF Industries,Inc.",23043,cf industriesinc.,cf,Global CF,144766.0,CF Energy (Non-NASDAQ OTC),244547.0,CF Industries Holdings,133240,99.87,CF Industries Holdings,193927,99.87,CF Industries Holdings (Mexico),217066,99.87,CF Industries Holdings (BRN),224099,99.87,CF Industries Holdings (MIC),224100,99.87,CF Industries Holdings (Frankfurt),262098,99.87,CF Industries Holdings (XETRA),305072,99.87,ACF Industries,62002,99.84,CFI Industries,71052,99.84,CFC Insurance Holdings,108582,99.6
CFG Services Company Limited,18154,cfg services,cfg,Tour CFG,58105.0,,,Tour CFG,58105,99.3,C Holdings,24873,99.15,F Investment Trust Group,125685,99.15,Gravis CF,144830,79.68,Tsertum Invest CF,44219,79.61,Feniks CF,144479,79.58,Sihma-Rezerv CF,43760,79.57000000000001,KUA HRI CF,42806,79.56,MDM Sobraniye CF,145783,79.56,Malmros Rederi CF,179633,79.54
CFI STAVANGER HOLDINGS AS,16596,cfi stavanger as,cfi,CFI,15821.0,,,CFI Mortgage,53093,99.57000000000001,CFI Industries,71052,99.53,Bancfirst Zanesvill (Berlin),299772,99.51,Bancfirst Zanesville,70342,99.5,Mcfinley Red Lake,9972,99.48,Socfinasia (Brussels),3908,99.46,Socfinasia,95999,99.46,Socfinasia (Non-NASDAQ OTC),239886,99.46,CFI Holding,108583,99.44,CFI Holding (Frankfurt),268898,99.44
CFLD (CAYMAN) INVESTMENT LTD.,15010,cfld,cfld,,,,,LD Holdings,55647,99.67,LD Holdings (Berlin),287488,99.67,C Holdings,24873,99.4,F Investment Trust Group,125685,99.4,LDH Group,48503,79.77000000000001,LDF,55648,79.77000000000001,LDC,89398,79.77000000000001,LDT,120545,79.77000000000001,LDG Investment,126222,79.77000000000001,LDC (Frankfurt),271910,79.77000000000001
CG Frankfurt Ostend GmbH & Co KG,7790,cg frankfurt ostend gmbh & co kg,cg,CG Produkt,91821.0,CG Power and (Non-NASDAQ OTC) Industrial Solutions GDR,203800.0,CG Power and Industrial Sponsored Goods,203799,99.45,CG VAK Software and Exports,99436,99.44,Mcgrath Rentcorp,134609,99.42,Mcgrath Rentcorp (Pet),251979,99.42,Mcgrath Rentcorp (Frankfurt),264589,99.42,Mcgrath Rentcorp (Berlin),287778,99.42,SCG Packaging Foreign Board,230467,99.41,TCG International Class B Sub Voting,161395,99.41,CG Power and (Non-NASDAQ OTC) Industrial Solutions GDR,203800,99.41,CG Power and Industrial Solutions GDR,241367,99.41
"CHA Healthcare Co.,Ltd",14508,cha healthcare co.ltd,cha,Chai CHA NA Mining,15837.0,,,Change Healthcare,133919,99.74,Change Healthcare (Mexico),217074,99.74,Change Healthcare (Pet),251244,99.74,Change Healthcare (Munich),262107,99.74,Champion Healthcare Corporation,63465,99.69,The Healthchannel Com,77565,99.67,Thehealthchannel Com,77572,99.63,Chardan Healthcare Acquisition 2 Unit,193939,99.62,Ekachai Medical Care NVDR,174972,99.57000000000001,Change Healthcare Tangible Equity Units,203809,99.57000000000001
Chandrajyoti Estate Developers Private Limited,11961,chandrajyoti estate developers private,chandrajyoti,,,,,Jyoti,101819,99.23,AB and Company,107405,99.15,DR Finance,109161,99.1,RA International Group,126784,99.1,TI Group,183594,99.1,TI Group,201171,99.1,T Bank,22692,99.05,C Holdings,24873,99.05,J Trust,110632,99.05,J-Group Holdings,110634,99.05
Chapada do Piaui I Holding S.A.,4376,chapada do piaui i holding,chapada,,,,,APA Holdings,244,99.21,APA Group,80343,99.21,ADA,90971,99.21,APA,133366,99.21,APA (Mexico),216763,99.21,APA (MIC),223821,99.21,APA (BRN),227113,99.21,APA Group (Non-NASDAQ OTC),243709,99.21,APA (Frankfurt),261278,99.21,APA (XETRA),261279,99.21
"CHARTA, LLC",22266,charta,charta,,,,,Art,24322,99.67,Art,32382,99.67,Art,45018,99.67,Art Group Holdings,98697,99.67,Art,125058,99.67,Art International,193019,99.67,Art (Munich),284352,99.67,AR,24258,99.5,RT Group,50230,99.5,Ta Holdings,50943,99.5
Charter PLC,2010,charter,charter,Charter Savings,63480.0,Charter International (Non-NASDAQ OTC),53119.0,Charter International (Non-NASDAQ OTC),53119,100.0,Charter (Johannesburg),227374,100.0,Charter International,231814,100.0,Charter International (Frankfurt),277556,100.0,Charter International (XETRA),310781,100.0,Harter Finance,73288,99.92,Chartered Bank,33257,99.88,Charteris,46009,99.88,Charteris (Berlin),285169,99.88,Charterhall,46006,99.78
CHELMER HOUSING PARTNERSHIP LIMITED,9602,chelmer housing partnership,chelmer,,,,,Michelmersh Brick Holdings,126354,99.5,Michelmersh Brick (Frankfurt) Holdings,272668,99.5,Michelmersh Brick (XETRA) Holdings,313618,99.5,Helm AG,18359,99.26,LME (Materiel Electriques),19581,99.2,El Company,109292,99.14,El Company,227555,99.14,C Holdings,24873,99.07,Elmera Group,109324,90.45,Elmera Group (Berlin),269837,90.45
Cheltenham & Gloucester plc,8972,cheltenham & gloucester,cheltenham,,,,,Ten,30895,99.23,AM,14528,99.16,AM Group Holdings,98528,99.16,LT Group,106815,99.16,El Company,109292,99.16,El Company,227555,99.16,AM (Dutch Trading Service),293139,99.16,AM (Stuttgart),293140,99.16,T Bank,22692,99.08,C Holdings,24873,99.08
Chemical Financial Corporation,19856,chemical financial corporation,chemical,Cosmo Chemical,117956.0,Sumitomo Chemical (Non-NASDAQ OTC),249097.0,Asia Chemical Corporation,41265,99.73,Canhorn Chemical Corporation,6107,99.69,Aristech Chemical Corporation,62642,99.68,Dyco Chemicals and Coatings,72018,99.63,Southern Petrochemicals Industries Corporation,104854,99.63,Chemical Consortium,203839,99.61,Guizhou Chanhen (SEC) Chemical Corporation 'A',212620,99.6,Chemical Specialities,33269,99.59,Chemical Specialities (Berlin),285179,99.59,Chemical Specialities (XETRA),310787,99.59
