Target Name,Target No.,Top Match Name,Top Match No.,Top Match Score,All Matched
THE ISRAEL ELECTRIC CORP. LTD.,11155,LEC,111263,90,"[('LEC', 90), ('AEL', 90), ('C-COR', 90), ('Israel Corporation Limited', 90), ('LEC', 90), ('SRA', 90), ('Boyd Group Inc (the)', 86), ('CIA GNL Electric', 86), ('CIA GNL Electric', 86), ('Electric Tractor Corporation', 86)]"
ZIM INTEGRATED SHIPPING SERVICES LTD,11157,ZIM Integrated Shipping Services,135343,100,"[('ZIM Integrated Shipping Services', 100), ('ZIM Integrated (Frankfurt) Shipping Services', 95), ('Integra', 90), ('Security Service', 90), ('Integra', 90), ('Integ', 90), ('Ausnet Services', 86), ('Integrated Group', 86), ('Mac Services Group', 86), ('RXP Services', 86)]"
Delek Petroleum Ltd.,11158,Elk Petroleum,215305,93,"[('Elk Petroleum', 93), ('El Corporation', 90), ('Pet', 90), ('Petrol', 90), ('Petrol', 90), ('Delta Petroleum', 87), ('FDO International Petroleum Com CI', 86), ('International Petroleum', 86), ('International Petroleum', 86), ('International Petroleum', 86)]"
Hapoalim Hanpakot Limited,11159,Hanp,35139,90,"[('Hanp', 90), ('Ali', 90), ('T T', 86), (""Bank Hapoalim Sponsored GDR Regulation 'S' 1 GDR = 5 Shares"", 86), ('Bank Hapoalim BM Sponsored Israel ADR 1:5', 86), ('Bank Hapoalim Registered Share GDR 1:5 (Non-NASDAQ OTC)', 86), ('Bank Hapoalim B M (Non-NASDAQ OTC)', 86), ('Bank Hapoalim B M (Frankfurt)', 86), ('Ampol', 72), ('Ipako', 72)]"
Discount Manpikim Ltd,11160,Manpikim Discount Bank,28084,95,"[('Manpikim Discount Bank', 95), ('Disco', 90), ('DIS', 90), ('Man AG', 90), ('Man AG', 90), ('Disc', 90), ('Isco', 90), ('Discount', 90), ('Disco', 90), ('ISC', 90)]"
MIZRAHI TEFAHOT ISSUING COMPANY LTD,11161,Trust Company,4284,90,"[('Trust Company', 90), ('Mizrahi Tefahot Limited', 90), ('Bakixanov Company', 86), ('Company On', 86), ('Faulding FH&Company', 86), ('King Island Company', 86), ('Roc Oil Company', 86), ('Sigma Company', 86), ('TL Property Company', 86), ('Tooth and Company', 86)]"
Leumi Finance Company Limited,11162,Trust Company,4284,90,"[('Trust Company', 90), ('MPA', 90), ('INA', 90), ('Leumi Limited', 90), ('Antipodes Global Investment Company', 86), ('Arab International Insurance Company', 86), ('Barbados Shipping and Trading Company Limited', 86), ('Bulgarian Telecommunications Company', 86), ('Company On', 86), ('Prime Finance', 86)]"
ALLIANCE TIRE COMPANY LTD.,11163,Trust Company,4284,90,"[('Trust Company', 90), ('All Corporation', 90), ('Alliance Tire', 90), ('Capital Alliance', 90), ('MPA', 90), ('TIR', 90), ('Capital Alliance', 90), ('Alliance Group Capital', 86), ('Antipodes Global Investment Company', 86), ('Arab International Insurance Company', 86)]"
DEXIA ISRAEL ISSUANCE LTD,11164,Dexia,166310,90,"[('Dexia', 90), ('AEL', 90), ('Israel Corporation Limited', 90), ('Dexia', 90), ('SRA', 90), ('Dexia Invest Danske Small Cap Aktier', 86), ('Dexia Invest Korte Danske Obligationer', 86), ('Dexia Invest Lange Danske Obligationer', 86), ('Dexia France', 86), ('Dexia Kommunalbank 07/31.12.2017 Par', 86)]"
FIRST INTERNATIONAL ISSUES LTD,11165,First International Trust,227642,95,"[('First International Trust', 95), ('First International Trust', 95), ('First International Trust', 95), ('National', 90), ('Terna', 90), ('First', 90), ('Firs', 90), ('Inter', 90), ('National', 90), ('First', 90)]"
Delek Energy Systems Ltd,11166,Delek Energi Systems,25510,95,"[('Delek Energi Systems', 95), ('EMS', 90), ('Energy', 90), ('ERG', 90), ('TEM', 90), ('Energy', 90), ('Energy', 90), ('PLC Systems', 90), ('ERG', 90), ('ERG', 90)]"
CARMEL OLEFINS LIMITED,11168,El Corporation,1533,90,"[('El Corporation', 90), ('AR', 90), ('Car', 90), ('CA', 90), ('Carme', 90), ('NS', 90), ('RM', 90), ('Armel', 90), ('Carmel-Igud MOG and INV', 86), ('Thai Olefins Public Company Limited', 86)]"
Mercantile Hanpakot Ltd,11169,Hanp,35139,90,"[('Hanp', 90), ('ANT', 90), ('TIL', 90), ('E&H', 90), ('Mercantile Investment Company', 86), ('First Mercantile Currency Fund Class A', 86), ('Mercantile House Takeover 754151 03/09/', 86), ('Pacific Mercantile Bancorporation', 86), ('Chi Mercantile Exchange Holdings Class B Service B1', 86), ('Mercantile Mutual Funds Growth and Income Portfolio Class B', 86)]"
Phoenix Capital Raising (2009),11170,Phoenix Capital,239052,90,"[('Phoenix Capital', 90), ('Phoenix Capital', 90), ('Phoenix Capital', 90), ('Phoenix Capital', 90), ('Eni', 90), ('Aisin', 90), ('NIX Incorporated', 90), ('Phoenix Capital', 90), ('Phoenix Capital', 90), ('Phoenix Gold', 86)]"
GAZIT GLOBE ISRAEL (DEVELOPMENT) LTD,11176,Globe Capital,125801,90,"[('Globe Capital', 90), ('Israel Corporation Limited', 90), ('Elop', 90), ('Globe Capital', 90), ('A-Cap Development', 86), ('Carillon Development', 86), ('Credit Suisse PL100 Emerging Markets Infrastructure Development Trust', 86), ('Globe Pharmaceutical', 86), ('Goldco Development', 86), ('Kurts Development', 86)]"
DELEK & AVNER (TAMAR BOND) LTD,11177,Bond,41495,90,"[('Bond', 90), ('Australian Masters Corporate Bond Fund Number 2', 86), ('Australian Masters Corporate Bond Fund Number 3', 86), ('Australian Masters Corporate Bond Fund Number 4', 86), ('Australian Masters Corporate Bond Fund Number 5', 86), ('Australian Masters Corporate Bond Fund Number 1', 86), ('Waltons Bond', 86), ('Aston Hill Global Convertible Bond Fund', 86), ('Build America Investment Grade Bond Fund Class A Units', 86), ('Investment Grade Infrastructure Bond Units', 86)]"
MIGDAL INSURANCE FUNDS RAISING LTD,11182,Aisin,106206,90,"[('Aisin', 90), ('DZI Insurance', 86), ('First Growth Funds', 86), ('HIH Insurance', 86), ('Select Managed Funds', 86), ('Sgio Insurance', 86), ('Crown Life Insurance', 86), ('Manufactures Life Insurance Class A Shares Series 6', 86), ('Pancyprian Insurance', 86), ('Philiki Insurance', 86)]"
D.B.S. SATELLITE SERVICES (1998) LTD.,11184,Security Service,50414,90,"[('Security Service', 90), ('Satellite Security', 90), ('Tell SA', 90), (""Acindar 'B'"", 86), (""American Plast 'B'"", 86), (""Anhyp 'B'"", 86), (""Astra 'B'"", 86), (""Atanor 'D'"", 86), ('Ausnet Services', 86), ('B Digital', 86)]"
Leviathan Bond LTD,11187,Evia,17383,90,"[('Evia', 90), ('Levi', 90), ('Bond', 90), ('At Trust', 90), ('IA', 90), ('Australian Masters Corporate Bond Fund Number 2', 86), ('Australian Masters Corporate Bond Fund Number 3', 86), ('Australian Masters Corporate Bond Fund Number 4', 86), ('Australian Masters Corporate Bond Fund Number 5', 86), ('Australian Master Corporation Bond FND NO4 Limited', 86)]"
Delek Overriding Royalty Leviathan Ltd,11188,Leviathan Resources,2541,86,"[('Leviathan Resources', 86), ('Drug Royalty', 86), ('International Royalty', 86), ('Premier Royalty', 86), ('Reserve Royalty', 86), ('Delek Energi Systems', 86), ('Delek Israel', 86), ('Delek Real Estate', 86), ('Delek Resources', 86), ('LL&E Royalty Trust', 86)]"
AngloGold Ashanti Holdings plc,11194,Anglo,5116,90,"[('Anglo', 90), ('Holdings', 90), ('Holdings', 90), ('Capital Gold', 90), ('Holdings', 90), ('Holdings', 90), ('Anglogold Ashanti', 90), ('Anglogold', 90), ('Anglogold Ashanti', 90), ('Corporation Holding', 90)]"
Sasol Financing International Plc,11195,National,222336,90,"[('National', 90), ('Financing', 90), ('Terna', 90), ('Inter', 90), ('National', 90), ('National', 90), ('Tern', 90), ('National', 90), ('Sasol', 90), ('Tern', 90)]"
Anglogold Ashanti Holdings Finance Plc,11196,Anglo,5116,90,"[('Anglo', 90), ('Holdings', 90), ('Holdings', 90), ('Holdings', 90), ('Holdings', 90), ('Anglogold Ashanti', 90), ('Anglogold', 90), ('Anglogold Ashanti', 90), ('Corporation Holding', 90), ('Holdings', 90)]"
GOHL CAPITAL LIMITED,11198,Go,93002,90,"[('Go', 90), ('G Capital', 90), ('G Capital', 90), ('Centerenergohld', 90), ('Sharyn Gol', 77), ('Capital Gold', 75), ('Gehl', 75), ('Golf', 75), ('GHCL', 75), ('Gocl Corporation', 75)]"
BAJAJ FINANCE LIMITED,11205,Bajaj Finance,97097,100,"[('Bajaj Finance', 100), ('INA', 90), ('NC&', 90), ('Bajaj Finance (National India)', 90), ('China Finance Holding Company', 86), ('Ding Sheng XIN Finance', 86), ('North Ryde Community Finance', 86), ('Minerva Finance and Investment', 86), ('Paramount Ventures and Finance A', 86), ('Petrobras Inernational Finance Company', 86)]"
FINOLEX INDUSTRIES LIMITED,11210,Finolex Industries,166841,100,"[('Finolex Industries', 100), ('Finolex Industries', 100), ('Finolex Industries', 100), ('Flex Industries', 91), ('Capital Industries', 90), ('Capital Industries', 90), ('UST', 90), ('Capital Industries', 90), ('Nolex', 90), ('UST', 90)]"
JM FINANCIAL CREDIT SOLUTIONS LIMITED,11212,Financial Trust Corporation,195613,90,"[('Financial Trust Corporation', 90), ('Financial Trust Corporation', 90), ('Financial Trust Corporation', 90), ('Financial Trust Corporation', 90), ('Financial Trust Corporation', 90), ('Financial Trust Corporation', 90), ('CCK Financial Solutions', 86), ('Count Financial', 86), ('Credit General', 86), ('Credit Suisse PL100 Emerging Markets Infrastructure Development Trust', 86)]"
Yes Bank Ltd,11237,Yes Bank,98195,100,"[('Yes Bank', 100), ('Security Bank', 90), ('Security Bank', 90), ('Security Bank', 90), ('Security Bank', 90), ('Security Bank', 90), ('Security Bank', 90), ('Security Bank', 90), ('Capital A', 90), ('NK', 90)]"
BRITANNIA INDUSTRIES LTD,11246,Britannia Industries,97202,100,"[('Britannia Industries', 100), ('Capital Industries', 90), ('Capital Industries', 90), ('Ann', 90), ('UST', 90), ('Capital Industries', 90), ('UST', 90), ('Dust', 90), ('UST', 90), ('Britannia Industries (National India)', 90)]"
Gujarat Gas Company Limited,11250,Trust Company,4284,90,"[('Trust Company', 90), ('MPA', 90), ('AS Company', 90), ('Gujarat Gas', 90), ('Antipodes Global Investment Company', 86), ('Apollo Gas', 86), ('Arab International Insurance Company', 86), ('Barbados Shipping and Trading Company Limited', 86), ('Bulgarian Telecommunications Company', 86), ('CH4 Gas', 86)]"
JMC PROJECTS (INDIA) LIMITED,11254,JMC Projects India,101774,97,"[('JMC Projects India', 97), ('Project Corporation', 90), ('India Securities', 90), ('CTS', 90), ('JMC', 90), ('CTS', 90), ('Oil Sands and Energy Mega-Projects Trust', 86), ('Arab Company Tourist Projects', 86), ('A E C India', 86), ('ACB India', 86)]"
Mylan Laboratories Limited,11260,Bor,78773,90,"[('Bor', 90), ('Bor', 90), ('Anus Laboratories', 86), ('Croslands Research Laboratories', 86), ('Jardine Fleming Laboratories', 86), ('Medical and Biological Laboratories', 86), ('Systems Engineering Laboratories', 86), ('Bor Bor', 86), ('Wyeth Laboratories Pakistan', 86), ('Cambridge Isotopes Laboratories (London)', 86)]"
Southern Iron and Steel Company Ltd,11266,Southern Iron and Steel,30441,95,"[('Southern Iron and Steel', 95), ('Trust Company', 90), ('Southern', 90), ('El Company', 90), ('Steel', 90), ('Southern', 90), ('El Company', 90), ('Abilene Oil and Gas', 86), ('Adsteam and Marine', 86), ('Atlas Iron', 86)]"
TTK PRESTIGE LIMITED,11277,TTK Prestige,98145,100,"[('TTK Prestige', 100), ('TTK', 90), ('Prestige Capital', 90), ('Re Capital', 90), ('Re Capital', 90), ('STI', 90), ('TK', 90), ('Birch and Prestige Investment', 86), ('Prestige HM-Polycon', 86), ('Prestige Bancorporation', 86)]"
VARDHMAN INDUSTRIES LIMITED,11278,Vardhman Industries,31422,100,"[('Vardhman Industries', 100), ('HMA', 90), ('Man AG', 90), ('Man AG', 90), ('Capital Industries', 90), ('Capital Industries', 90), ('UST', 90), ('Capital Industries', 90), ('UST', 90), ('Dust', 90)]"
Bank of Baroda,11285,Bank of Baroda,97339,100,"[('Bank of Baroda', 100), ('AR', 90), ('Security Bank', 90), ('Da Securities', 90), ('Security Bank', 90), ('Security Bank', 90), ('ARO', 90), ('Security Bank', 90), ('Security Bank', 90), ('Security Bank', 90)]"
Tech Mahindra Limited,11311,Hi,26603,90,"[('Hi', 90), ('Tec', 90), (""Wuhan Huaxin Hi-Tech 'A'"", 86), ('Orad Hi-Tech Systems', 86), ('Orad Hi-Tech Systems (XETRA)', 86), ('A&T', 86), ('Madras Hi-Tech Circuits', 86), ('Mahindra Ugine Steel Company', 86), ('D&D', 86), ('International Hi-Tech Industries', 86)]"
AXIS Bank Ltd,11318,Axis Bank,97124,100,"[('Axis Bank', 100), ('Axis Bank GDR', 95), ('Axis', 90), ('Security Bank', 90), ('Security Bank', 90), ('Security Bank', 90), ('Security Bank', 90), ('Security Bank', 90), ('Security Bank', 90), ('Security Bank', 90)]"
IPCA LABORATORIES LIMITED,11332,Ipca Laboratories,97746,100,"[('Ipca Laboratories', 100), ('Bor', 90), ('IPC Corporation', 90), ('Bor', 90), ('PCA', 90), ('IPC Corporation', 90), ('Ipca Laboratories (National India)', 90), ('IG Laboratories', 88), ('Alpa Laboratories', 88), ('Diva Laboratories', 88)]"
TATA FINANCE LIMITED,11346,Tata Finance,30833,100,"[('Tata Finance', 100), ('At Trust', 90), ('INA', 90), ('NC&', 90), ('Ta', 90), ('ATA Inc', 90), ('Allco Finance Group', 86), ('Beneficial Finance', 86), ('China Finance Holding Company', 86), ('Ding Sheng XIN Finance', 86)]"
