Target Name,Target No.,Top Match Name,Top Match No.,Top Match Score,All Matched
BBVA International Limited,14720,International,206505,95,"[('International', 95), ('BSA International', 91), ('MBV International', 91), ('Ion', 90), ('National', 90), ('Terna', 90), ('Inter', 90), ('National', 90), ('ONA', 90), ('National', 90)]"
THPA Finance Limited,14721,Thapar Finance,30942,92,"[('Thapar Finance', 92), ('INA', 90), ('PA', 90), ('NC&', 90), ('HP', 90), ('Allco Finance Group', 86), ('Beneficial Finance', 86), ('China Finance Holding Company', 86), ('Ding Sheng XIN Finance', 86), ('Intermills (Finance)', 86)]"
Seagate Technology International,14722,Technology International,77468,95,"[('Technology International', 95), ('National', 90), ('Seagate Technology', 90), ('Terna', 90), ('Inter', 90), ('National', 90), ('National', 90), ('Eaga', 90), ('Tern', 90), ('Stato Technology International', 90)]"
Petrobras International Finance Company,14723,Petrobras Inernational Finance Company,11144,99,"[('Petrobras Inernational Finance Company', 99), ('Trust Company', 90), ('National', 90), ('Terna', 90), ('Inter', 90), ('National', 90), ('National Finance', 90), ('National', 90), ('International Finance Corporation', 90), ('National', 90)]"
Swire Pacific MTN Financing Limited,14724,Pacific,37846,90,"[('Pacific', 90), ('Financing', 90), ('Pacific', 90), ('Accor Asia Pacific', 86), ('Asian Pacific', 86), ('Australian Pacific Technology Dead-Merger 600818', 86), ('City Pacific', 86), ('Highlands Pacific', 86), ('Horizon Pacific', 86), ('Indonesia Pacific', 86)]"
KASIKORNBANK Public Company Limited,14725,Trust Company,4284,90,"[('Trust Company', 90), ('Security Bank', 90), ('Public', 90), ('Nbank Corporation', 90), ('Security Bank', 90), ('Security Bank', 90), ('Security Bank', 90), ('Security Bank', 90), ('Security Bank', 90), ('Security Bank', 90)]"
KBC Financial Products International Limited,14726,National,222336,90,"[('National', 90), ('Financial Trust Corporation', 90), ('Terna', 90), ('Inter', 90), ('National', 90), ('National', 90), ('Financial Trust Corporation', 90), ('Financial Trust Corporation', 90), ('Financial Trust Corporation', 90), ('National', 90)]"
Banco Santander (Brasil) S.A.,14727,Banco Santander Brasil Units,80317,95,"[('Banco Santander Brasil Units', 95), ('Banco Santander Brasil Cedear', 95), ('Banco Santander Brasil ADR 1:1', 95), ('Santander', 90), ('Santander', 90), ('RAS', 90), ('ANT', 90), ('Anta', 90), ('ASI', 90), ('Security Banc', 90)]"
GHG Finance Limited,14728,GPG Finance PLC,47490,91,"[('GPG Finance PLC', 91), ('INA', 90), ('NC&', 90), ('Gruh Finance', 87), ('Gruh Finance', 87), ('Allco Finance Group', 86), ('Beneficial Finance', 86), ('China Finance Holding Company', 86), ('Ding Sheng XIN Finance', 86), ('Intermills (Finance)', 86)]"
MTR Corporation (C.I.) Ltd,14729,Capital M,59340,90,"[('Capital M', 90), ('MTR', 90), ('A C N 059 457 279', 86), ('A C N 603 323 182', 86), ('A R C Industries', 86), (""Banco de Galicia Buenos Aires 'C'"", 86), ('Band C F INV On', 86), ('Bernheim-Comofi Take Over by B C Holding', 86), ('BS&C Empreendimentos E Participacoes', 86), ('C C Bottlers', 86)]"
Signum Hazel Limited,14730,El Corporation,1533,90,"[('El Corporation', 90), ('Azel', 90), ('Sign', 90), ('SIG', 90), ('Aziel', 80), ('Azwell', 72), ('Elk', 72), ('Elk', 72), ('Ely Capital', 72), ('ELQ', 72)]"
BPE Finance International Limited,14731,International Finance Corporation,60266,95,"[('International Finance Corporation', 95), ('National', 90), ('Terna', 90), ('Inter', 90), ('National', 90), ('National', 90), ('Tern', 90), ('National', 90), ('Tern', 90), ('International', 90)]"
TMB BANK PUBLIC COMPANY LIMITED,14732,Trust Company,4284,90,"[('Trust Company', 90), ('Security Bank', 90), ('LIC', 90), ('Public', 90), ('MPA', 90), ('Security Bank', 90), ('Security Bank', 90), ('Security Bank', 90), ('Security Bank', 90), ('Security Bank', 90)]"
SOL MELIA FINANCE LIMITED,14733,INA,65640,90,"[('INA', 90), ('Sol', 90), ('China Finance Holding Company', 86), ('North Ryde Community Finance', 86), ('Minerva Finance and Investment', 86), ('Paramount Ventures and Finance A', 86), ('Petrobras Inernational Finance Company', 86), ('RCI Finance', 86), ('Sol Cuisine', 86), ('3A Finance', 86)]"
Morgan Stanley Asia Securities Products LLC,14734,Asia Capital,116969,90,"[('Asia Capital', 90), ('Asia Capital', 90), ('Stanley', 90), ('Stanley', 90), ('Morgan Stanley', 90), ('Asia Capital', 90), ('A Pro', 90), ('Asia Capital', 90), ('Morgan Stanley', 90), ('Capital Product', 90)]"
RF Alts Finance I Ltd,14735,INA,65640,90,"[('INA', 90), ('LTS', 90), ('S&F Capital', 90), ('China Finance Holding Company', 86), ('Fabrika Otkovaka I Armature', 86), ('FIP Infra-Estr BB VTRM Energ Sustentavel I', 86), ('I D C', 86), ('North Ryde Community Finance', 86), ('Raiffeisen Bank D D Bosna I Hercegovina', 86), ('Rio Bravo Credito Imobiliario I FII', 86)]"
CORVUS INVESTMENTS LIMITED,14736,Investment Trust Corporation,48177,90,"[('Investment Trust Corporation', 90), ('ENT', 90), ('Trust Invest', 90), ('Investment Trust Corporation', 90), ('NTS', 90), ('Investment Trust Corporation', 90), ('Capital Investments', 90), ('Corvus Capital', 90), ('Investment Trust Corporation', 90), ('Corvu', 90)]"
Sun Hung Kai Properties Treasury (Cayman) Ltd,14737,Cayman Corporation,63368,90,"[('Cayman Corporation', 90), ('Roper', 90), ('Sun Hung Kai Properties', 90), ('Capital Properties', 90), ('Sun Hung Kai Properties', 90), ('Capital Properties', 90), ('Sun Hung Kai (SZS) Properties', 87), ('Centro Properties Group', 86), ('D J Properties', 86), ('Inn Properties', 86)]"
"Sabadell International Equity, Ltd",14738,Equity International,64604,95,"[('Equity International', 95), ('Equity International', 95), ('National', 90), ('Equity', 90), ('Terna', 90), ('Inter', 90), ('National', 90), ('National', 90), ('Tern', 90), ('Dell', 90)]"
Banco BPI SA,14739,Banco BPI,15000,100,"[('Banco BPI', 100), ('BPI SA', 90), ('Security Banc', 90), ('NC&', 90), ('BP', 90), ('BPI SA', 90), ('Banco BPI Unsponsored ADR 1:2', 90), ('Banco BPI (Frankfurt)', 90), ('Banco BPI Bonus Rights 26/05/11', 90), ('Banco BPI (XETRA)', 90)]"
Seagate Technology HDD Holdings,14740,Seagate Technology Holdings,133340,95,"[('Seagate Technology Holdings', 95), ('Seagate Technology', 90), ('Holdings', 90), ('Eaga', 90), ('Holdings', 90), ('Seagate Technology', 90), ('Holdings', 90), ('DD Holdings', 90), ('Holdings', 90), ('Corporation Holding', 90)]"
PIV Investment Finance (Cayman) Limited,14741,Investment Trust Corporation,48177,90,"[('Investment Trust Corporation', 90), ('Trust Invest', 90), ('Investment Trust Corporation', 90), ('Investment Trust Corporation', 90), ('Investment Trust Corporation', 90), ('Cayman Corporation', 90), ('Allco Finance Group', 86), ('Audant Investment', 86), ('Beneficial Finance', 86), ('Bounty Investment', 86)]"
PILTEL (CAYMAN) LTD.,14742,El Corporation,1533,90,"[('El Corporation', 90), ('Man AG', 90), ('Man AG', 90), ('CA', 90), ('Cayman Corporation', 90), ('Man AG', 90), ('Yorkey Optical International (Cayman)', 86), ('Keysheen (Cayman) Holdings', 86), ('Santai (Cayman) Holdings', 86), ('Wuxi Biologics Cayman', 86)]"
Hutchison Whampoa International (03/13) Limite,14743,National,222336,90,"[('National', 90), ('Hutchison Whampoa', 90), ('National', 90), ('National', 90), ('National', 90), ('International', 90), ('National', 90), ('Hutchison Whampoa (SEAQ International)', 88), ('Hutchison Whampoa (SEAQ International)', 88), ('Air Change International', 86)]"
ARLO LIMITED,14744,Carlovers Carwash,1008,90,"[('Carlovers Carwash', 90), ('Karlovska Koprina AD-Karlovo', 90), ('Autotrn Karlovac', 90), ('Ceste Karlovac', 90), ('Charlotte Resources', 90), ('International Arlo Resources', 90), ('Karlovacka Banka', 90), ('Karlovacka Pivovara', 90), ('Lana-Karlovacka Tiskara', 90), ('Monte Carlo Capital', 90)]"
Zeus (Cayman) Ltd,14745,Man AG,169104,90,"[('Man AG', 90), ('Man AG', 90), ('CA', 90), ('Cayman Corporation', 90), ('Zeus', 90), ('Man AG', 90), ('AB International Cayman Trust', 86), ('Yorkey Optical International (Cayman)', 86), ('Keysheen (Cayman) Holdings', 86), ('Santai (Cayman) Holdings', 86)]"
ENSCO (Barbados) Limited,14746,AR,24258,90,"[('AR', 90), ('Ensco PLC', 90), ('NSC', 90), ('ARB', 90), ('ARB', 90), ('OS', 90), ('NS', 90), ('Barbados Dairy Industries Limited', 86), ('Barbados Shipping and Trading Company Limited', 86), ('Cable and Wireless (Barbados) Limited', 86)]"
Banco do Brasil,14747,Banco do Brasil SA,659,100,"[('Banco do Brasil SA', 100), ('Banco do Brasil On', 95), ('RAS', 90), ('ASI', 90), ('Security Banc', 90), ('Bras', 90), ('NC&', 90), ('Banco do Brasil ADR 1:1', 90), ('Banco do Brasil ADR (Frankfurt) 1:1', 90), ('Zinco do Brasil', 87)]"
HSBC Bank USA NA (Cayman Islands Branch),14748,Cayman Corporation,63368,90,"[('Cayman Corporation', 90), ('Island Capital', 90), ('Adelaide Bank', 86), ('Advance Bank Australia', 86), ('AFB Bank ASC', 86), ('Azar-Turk Bank', 86), ('Bahrain International Bank', 86), ('Bank Azerbaijan', 86), ('Bank of Western Australia', 86), ('Barbados National Bank', 86)]"
Space Limited,14749,Space,113810,100,"[('Space', 100), ('Sky and Space Company', 90), ('Space Made Industries', 90), (""Aerospace Communications Holdings 'A'"", 90), ('Aerospace Zhonghui Group Company Limited', 90), ('Con-Space Communications', 90), ('Exeltech Aerospace', 90), ('Hystar Aerospace', 90), ('Spar Aerospace', 90), ('Vector Aerospace', 90)]"
CSN Islands VIII Corp.,14750,NDS,28652,90,"[('NDS', 90), ('Island Capital', 90), ('Land', 90), ('Perpetual Growth Fund VIII Mutual Fund', 86), ('S S V', 86), ('D&D', 86), ('Channel Islands and International Investment Trust', 86), ('Boston Financial Tax Credit VIII Units', 86), ('Grey Islands Systems International (Non-NASDAQ OTC)', 86), ('Fleet Capital Trust VIII', 86)]"
"BANIF FINANCE, LTD.",14751,Banif,15024,90,"[('Banif', 90), ('INA', 90), ('F&F', 90), ('NC&', 90), ('ANI', 90), ('China Finance Holding Company', 86), ('Ding Sheng XIN Finance', 86), ('North Ryde Community Finance', 86), ('Minerva Finance and Investment', 86), ('Paramount Ventures and Finance A', 86)]"
Hutchison Whampoa International (03/33) Limite,14752,National,222336,90,"[('National', 90), ('Hutchison Whampoa', 90), ('National', 90), ('National', 90), ('National', 90), ('International', 90), ('National', 90), ('Hutchison Whampoa (SEAQ International)', 88), ('Hutchison Whampoa (SEAQ International)', 88), ('Air Change International', 86)]"
Mizuho Financial Group (Cayman) Limited,14753,Mizuho Financial Group,106134,95,"[('Mizuho Financial Group', 95), ('Financial Trust Corporation', 90), ('Group', 90), ('Mizuho Securities', 90), ('Group', 90), ('Group', 90), ('Financial Trust Corporation', 90), ('Cayman Corporation', 90), ('Financial Trust Corporation', 90), ('Financial Trust Corporation', 90)]"
ARLO IV LIMITED,14754,AR,24258,90,"[('AR', 90), ('Capital A', 90), ('International Arlo Resources', 86), ('Penfold Capital Acquisition IV Corporation', 86), ('Phoenician Corporation IV', 86), ('CNL Income and Growth Fund IV', 86), ('Cole Credit Property Trust IV', 86), ('Consolidated Cap Pptys Limited Partnership Units IV', 86), ('Independence Tax Credit Plus Limited Partnership IV', 86), ('Rancon Realty Fund Unit Int IV', 86)]"
Itau Bank Ltd.,14755,Security Bank,200310,90,"[('Security Bank', 90), ('IT', 90), ('Security Bank', 90), ('Security Bank', 90), ('Tau Capital', 90), ('Security Bank', 90), ('Security Bank', 90), ('Security Bank', 90), ('Security Bank', 90), ('NK', 90)]"
ARLO II LIMITED,14756,AR,24258,90,"[('AR', 90), ('Capital A', 90), ('FI Imobiliario Tourmalet II Sen B', 86), ('Perls II Trust Perpetual Exchequer Resettable SEC', 86), ('B Split II Cap Shares', 86), ('Berkeley Capital II', 86), ('Canadian Resources Income Trust II Unit', 86), ('Connor Clark and Lunn Conservative Income Fund II Units', 86), ('Connor Clark and Lunn Global Financials Fund II', 86), ('CRA Phase II', 86)]"
Sedna Finance Corporation,14757,DNA,16620,90,"[('DNA', 90), ('INA', 90), ('NC&', 90), ('China Finance Holding Company', 86), ('Ding Sheng XIN Finance', 86), ('North Ryde Community Finance', 86), ('Minerva Finance and Investment', 86), ('Paramount Ventures and Finance A', 86), ('Petrobras Inernational Finance Company', 86), ('RFC Resource Finance', 86)]"
EFG Hellas (Cayman Islands) Limited,14758,Cayman Corporation,63368,90,"[('Cayman Corporation', 90), ('Island Capital', 90), ('Land', 90), ('Crown Hellas Can', 86), ('Cyclon Hellas', 86), ('Hellas Online', 86), ('Kleeman Hellas', 86), ('Newsphone Hellas', 86), ('Nexans Hellas', 86), ('Petrola Hellas', 86)]"
BA-CA Finance (Cayman) Limited,14759,Man AG,169104,90,"[('Man AG', 90), ('Man AG', 90), ('Cayman Corporation', 90), ('INA', 90), ('Man AG', 90), ('Prime Finance', 86), ('Paramount Ventures and Finance A', 86), ('Petrobras Inernational Finance Company', 86), ('RCI Finance', 86), ('3A Finance', 86)]"
