Target Name,Target No.,Top Match Name,Top Match No.,Top Match Score,All Matched
"SK Plasma Co., Ltd",14602,PLA,22492,90,"[('PLA', 90), ('SK', 90), ('ASM', 90), ('SK', 90), ('Omskiy Kombinat SK', 86), ('SK Target Group', 86), ('SK IE Technology', 86), ('SK Number 5 Special Purpose Acquisition', 86), ('SK Number 6 Special Purpose Acquisition', 86), ('SK Trims and Industries', 86)]"
"EN VALUE 1ST Co., Ltd.",14607,Alue,103199,90,"[('Alue', 90), ('Esperotia En Investment', 86), ('AXA France Obligation No Par Value (SICAV) (Irish)', 86), ('First Investments Value Fund', 86), ('Ito En', 86), ('ACM Middenstands East Opportunities No Par Value Class A (SICAV)', 86), ('Fardis B No Par Value', 86), ('General Ganetzki AD-Plev En', 86), ('TRNSNR CEI Transp Denga Electrica En Alta TNSN', 86), ('Aptus Value Housing Finance India', 86)]"
"CHA Vaccine Research Institute Co., Ltd.",14608,CHA Vaccine Research Institute,85949,100,"[('CHA Vaccine Research Institute', 100), ('Research', 90), ('Comptek Research', 86), ('Sonex Research', 86), ('HSBC Mexico SA Institute de Banca Multiple Financier', 86), ('Eden Research', 86), ('Aire Liquid Research', 86), ('CRC Crystal Research', 86), ('Polymer Research', 86), ('York Research', 86)]"
"LG ENERGY SOLUTION, LTD.",14609,Ion,120567,90,"[('Ion', 90), ('Sol', 90), ('ERG', 90), ('G-Energy', 90), ('Security Energy', 90), ('UTI', 90), ('ERG', 90), ('UTI', 90), ('Security Energy', 90), ('ERG', 90)]"
"ADT CAPS Co.,Ltd",14611,APS,12368,90,"[('APS', 90), ('ADT', 90), ('Cap', 90), ('ADT', 90), ('Cap', 90), ('CA', 90), ('ADT', 90), ('AP', 90), ('Cap', 90), (""Anhui Huangshan Caps 'A'"", 86)]"
"SE Green Energy Co., Ltd.",14612,ERG,118977,90,"[('ERG', 90), ('Security Energy', 90), ('ERG', 90), ('Capital Re', 90), ('Capital Re', 90), ('Security Energy', 90), ('Gree', 90), ('ERG', 90), ('Security Energy', 90), ('RG Securities', 90)]"
"DOOSAN MECATEC CO., LTD.",14613,Atec,107780,90,"[('Atec', 90), ('ECA', 90), ('MEC', 90), ('At Trust', 90), ('OS', 90), ('CA', 90), ('Atec', 90), ('Tec', 90), ('Doosan Corporation', 90), ('Doosan Engineering and Construction', 86)]"
"Jungwon Advanced Materials Co., Ltd.",14615,Osung Advanced Materials,108631,88,"[('Osung Advanced Materials', 88), ('5E Advanced Materials', 87), (""Guangzhou Tinci Materials Technology 'A'"", 86), ('Eternal Materials', 86), (""Guangdong Fangyuan New Materials Group 'A'"", 86), (""SHDG Dongyue Organosilicon Materials 'A'"", 86), (""Zhuzhou Times New Materials Technology 'A'"", 86), (""Beijing Lier High Temperature Materials 'A'"", 86), ('Benq Materials', 86), (""Changzhou Tronly New Electronic Materials 'A'"", 86)]"
DAEJEON SHINSEGAE Inc.,14616,EON Capital,6785,90,"[('EON Capital', 90), ('SHI', 90), ('Shinsegae', 90), ('Sega', 90), ('Shinsegae Engineering and Construction', 86), ('Shin Shin', 86), ('D&D', 86), ('Shinsegae Engineering and Construction', 86), ('Shinsegae I&C', 78), ('U-Shin', 75)]"
SK materials airplus Incorporated,14617,SK Materials,13475,90,"[('SK Materials', 90), (""China Railway Materials Company 'A'"", 86), (""Guangzhou Tinci Materials Technology 'A'"", 86), (""Anhui Estone Materials Technology 'A'"", 86), (""Guangdong Fangyuan New Materials Group 'A'"", 86), (""Jiangsu Boqian New Materials Stock 'A'"", 86), (""Jiangxi Chenguang New Materials 'A'"", 86), (""Kaili Catalyst and New Materials 'A'"", 86), (""Shandong Kaisheng New Materials 'A'"", 86), (""Shanghai Hiuv New Materials 'A'"", 86)]"
KB Life Insurance Company,14619,SBI Life Insurance Company,65905,94,"[('SBI Life Insurance Company', 94), ('Pekin Life Insurance Company', 91), ('Trust Company', 90), ('Life', 90), ('Life', 90), ('Life', 90), ('Life', 90), ('HDFC Life Insurance Company', 89), ('Delta Life Insurance Company', 89), ('Fareast Islami Life Insurance Company', 89)]"
"CJ LiveCity Co.,Ltd.",14620,City Capital,24610,90,"[('City Capital', 90), ('City Capital', 90), ('ECI', 90), ('CIT', 90), ('CJ Rural de Ahyct Los Andes', 86), ('CJ Freshway', 86), ('CJ Seafood', 86), ('CJ ENM', 86), ('D&D', 86), ('Unirea CJ', 86)]"
"ECOPRO INNOVATION.CO.,LTD",14621,Ion,120567,90,"[('Ion', 90), ('Ecopro', 90), ('Innovation Capital', 90), ('Nova', 90), ('Nova', 90), ('ATI', 90), ('Nova', 90), ('Innova', 90), ('Innovation Capital', 90), ('Ion', 90)]"
"KB Savings Bank Co.,Ltd.",14622,Security Bank,136665,90,"[('Security Bank', 90), ('Security Bank', 90), ('Security Bank', 90), ('Security Bank', 90), ('Security Bank', 90), ('Security Bank', 90), ('Security Bank', 90), ('AVI', 90), ('Savin', 90), ('Security Bank', 90)]"
"Pulmuone Food & Culture Co.,Ltd",14623,Pulmuone,42055,90,"[('Pulmuone', 90), ('Pulmuone', 90), ('Romana Food Brands', 86), ('Barfresh Food Group', 86), ('Food Empire Holdings', 86), ('BUM Yang Food', 86), (""Nate's Food"", 86), ('Aquamarine Food', 86), ('Kothari General Food', 86), ('Terrace Food Group', 86)]"
"DEAR U Co.,Ltd.",14624,AR,5551,90,"[('AR', 90), ('DEA Capital', 90), ('Dear U', 90), ('U C', 90), ('19 Decembar U Stecaju', 86), ('U-Shin', 86), ('Bayerische Hypo U Vereinsbanken (XETRA)', 86), ('Dic Bereilig U Immobiliere', 86), ('U-Best Innovative Technology', 86), ('Grundstueck U Bau (XETRA) Gesellschaft', 86)]"
Hanalogis No.1,14625,Hana Securities,31124,90,"[('Hana Securities', 90), ('Ibks Smart SME Special Purpose Acquisition Number 1', 86), ('Sparebank 1 Nord-Norge', 86), ('Sparebank 1 Ostlandet', 86), ('Sparebank 1 Series-Bank', 86), ('Sparebank 1 Helgeland', 86), ('Sparebank 1 Sorost- Norge', 86), ('Sparebank 1 Ostfold Akrs', 86), ('Sparebank 1 Ringerike Hadeland', 86), ('1 National Bank Fredericksburg', 86)]"
"HI OCEANCOMMIT 12TH Co., Ltd.",14627,Ocean Capital,61637,90,"[('Ocean Capital', 90), ('Ocean Capital', 90), ('Ocean Capital', 90), ('MMI', 90), ('OCE', 90), (""Aerospace Hi-Tech Holding Group 'A'"", 86), (""QDO Hi-Tech Moulds and Plastics Technology 'A'"", 86), ('Sree Rayalaseema Hi-Strength Hypo', 86), (""China Railway Hi-Tech Industry 'A'"", 86), (""Hubei Guochuang Hi-Tech Material 'A'"", 86)]"
Global Investment House K.S.C.C.,14632,Global Investment House,208227,95,"[('Global Investment House', 95), ('Global Investment House', 95), ('Global', 90), ('Securities House', 90), ('Investment Trust Corporation', 90), ('Global', 90), ('Globa', 90), ('Investment Trust Corporation', 90), ('Trust Invest', 90), ('Investment Trust Corporation', 90)]"
EQUATE PETROCHEMICAL CO. K.S.C.C,14643,Ical,12866,90,"[('Ical', 90), ('Aires AV K Progres', 86), ('Alert B&C', 86), ('C A S Commodity and Financial Futures Accumulation', 86), ('S D S', 86), ('S-Energy', 86), ('S-Fuelcell', 86), ('Solarworld K', 86), ('Pirelli and C', 86), (""Mirgor 'C'"", 86)]"
Beta Finance Corporation,14645,: be AG,13926,90,"[(': be AG', 90), ('Beta', 90), ('INA', 90), ('Ta', 90), ('Be', 90), ('Bet', 90), ('NC&', 90), ('Bet', 90), ('Rea Finance', 87), ('Kuwait Finance House', 86)]"
BSCH Finance Limited,14647,BSCH Finance 'F',132314,95,"[(""BSCH Finance 'F'"", 95), ('BSCH', 90), ('INA', 90), ('NC&', 90), ('BSCH Finance 7.79% Non Cumulative Preferred Series H', 90), ('BSCH Finance Preferred C 8.125%', 90), ('BSCH Finance Service J', 90), ('BSCH Finance 8.625% Non Cumulative Preferred Shares Series Q', 90), (""BSCH Finance Preferred 'G'"", 90), ('BSCH Finance Preferred D 8.74%', 90)]"
Transocean Inc.,14654,NS,2091,90,"[('NS', 90), ('Ocean Capital', 90), ('Ocean Capital', 90), ('Ans', 90), ('Ocean Capital', 90), ('Transocean Holdings', 90), ('Transoceanic Properties', 90), ('Transocean Drilling', 90), ('Transocean Partners', 90), ('OCE', 90)]"
BBVA Capital Funding Ltd,14655,BBVA Capital Funding,28829,100,"[('BBVA Capital Funding', 100), ('BBVA Capital Funding (XETRA)', 90), ('Funding Electric Vehicles', 86), ('BBVA Banco Frances', 86), (""Corts Trust Bellsouth Capital Funding 'D' Corts 7.12%"", 86), (""JP Morgan Index Funding Service 'A'"", 86), ('RBS Capital Funding Trust VI 6.25%', 86), ('A&E Capital Funding Single Voting', 86), ('PPL Capital Funding 5.9% Series B 30-April-2073', 86), ('LM Funding America', 86)]"
Repsol International Capital Limited,14656,Repsol SA (SEAQ International),243634,95,"[('Repsol SA (SEAQ International)', 95), ('Ion', 90), ('National', 90), ('Sol', 90), ('REP', 90), ('Terna', 90), ('Tern', 90), ('Inter', 90), ('National', 90), ('National', 90)]"
STB Cayman Capital Ltd.,14657,Man AG,150696,90,"[('Man AG', 90), ('Man AG', 90), ('Cayman Corporation', 90), ('CA', 90), ('Man AG', 90), ('Cayman Engley Industrial', 86), ('Cayman Golden Century Wheel Group', 86), ('Ikka Holdings Cayman', 86), ('Prinx Chengshan (Cayman) Holding', 86), ('World Known MFG Cayman Ordinary Shares', 86)]"
BBV International Finance Ltd,14659,International Finance Corporation,31574,95,"[('International Finance Corporation', 95), ('National', 90), ('Terna', 90), ('National Finance', 90), ('Tern', 90), ('Inter', 90), ('National', 90), ('National', 90), ('Tern', 90), ('National', 90)]"
Hutchison Whampoa Finance (CI) Limited,14660,Hutchison Whampoa,45634,90,"[('Hutchison Whampoa', 90), ('Finance Leasing', 86), ('Geo Finance', 86), ('GPO Finance Banorte', 86), ('Asia Al Iraq Isbk for Investment and Finance', 86), ('Bimputh Finance', 86), ('Ipdc Finance', 86), ('Singapura Finance', 86), ('The International Bank for Trade and Finance', 86), ('Kenya Finance Bank', 86)]"
Sakura Capital Funding (Cayman) Limited,14661,Man AG,150696,90,"[('Man AG', 90), ('Man AG', 90), ('Cayman Corporation', 90), ('Man AG', 90), ('Cayman Golden Century Wheel Group', 86), ('World Known MFG Cayman Ordinary Shares', 86), (""Corts Trust Bellsouth Capital Funding 'D' Corts 7.12%"", 86), (""JP Morgan Index Funding Service 'A'"", 86), ('Yorkey Optical International (Cayman)', 86), ('Fulin Plastic Industry Cayman Holding', 86)]"
Yorkshire Power Finance Limited,14662,Capital Power,132419,90,"[('Capital Power', 90), ('Capital Power', 90), ('Power Finance', 90), ('SHI', 90), ('INA', 90), ('Shire', 90), ('Capital Power', 90), ('Capital Power', 90), ('RKS AB', 90), ('Shire', 90)]"
DEXIA OVERSEAS LIMITED,14663,Dexia,133304,90,"[('Dexia', 90), ('RS', 90), ('IA', 90), ('Dexia', 90), ('Sea Limited', 90), ('Bank Overseas Chinese Banking Corporation Nisp', 86), ('Bank of Syria and Overseas', 86), ('Bank of Overseas Chinese', 86), ('Dexia Kommunalbank 07/31.12.2017 Par', 86), ('Santander Overseas Bank A', 86)]"
BANCO SAFRA (CAYMAN ISLANDS) LIMITED,14664,Security Banc,8809,90,"[('Security Banc', 90), ('Island Capital', 90), ('Safr', 90), ('Cayman Corporation', 90), ('Land', 90), ('Banco Santander', 86), ('Banco do Brasil On', 86), ('Banco BPM', 86), ('Banco de Chile', 86), ('Banco BBVA Peru', 86)]"
Crediop Overseas Bank Limited,14665,Security Bank,136665,90,"[('Security Bank', 90), ('Security Bank', 90), ('Security Bank', 90), ('Security Bank', 90), ('Security Bank', 90), ('Security Bank', 90), ('Security Bank', 90), ('DIO', 90), ('CRE', 90), ('Security Bank', 90)]"
Argentaria Global Finance Ltd,14667,Argentaria,5559,90,"[('Argentaria', 90), ('Global', 90), ('IA Global', 90), ('Genta', 90), ('Global', 90), ('Globa', 90), ('Global Ecology', 86), ('Spire Global A', 86), ('Finance Leasing', 86), ('Beam Global', 86)]"
Centauri Corporation,14668,Centuri,117491,93,"[('Centuri', 93), ('Auri', 90), ('Tau Capital', 90), ('ENT', 90), ('AUR', 90), ('Ta', 90), ('Auri', 90), ('Capital A', 90), ('R R Securities', 86), ('Centar', 86)]"
CAYMADRID INTERNATIONAL LTD.,14669,Campari International,83238,91,"[('Campari International', 91), ('Ion', 90), ('National', 90), ('Terna', 90), ('Tern', 90), ('Inter', 90), ('National', 90), ('National', 90), ('ONA', 90), ('Tern', 90)]"
Mizuho Finance (Cayman) Limited,14670,Mizuho Securities,32508,90,"[('Mizuho Securities', 90), ('Man AG', 90), ('Man AG', 90), ('INA', 90), ('Cayman Corporation', 90), ('Man AG', 90), ('Geo Finance', 86), ('Cayman Golden Century Wheel Group', 86), ('World Known MFG Cayman Ordinary Shares', 86), ('The Housing Bank for Trade and Finance', 86)]"
Cheung Kong Finance Cayman Ltd,14671,Cayman Corporation,78346,90,"[('Cayman Corporation', 90), ('Cheung Capital', 90), ('Finance Leasing', 86), ('Geo Finance', 86), ('Asia Al Iraq Isbk for Investment and Finance', 86), ('Al Taif Isbk for Investment and Finance', 86), ('Bimputh Finance', 86), ('Ipdc Finance', 86), ('National Housing Finance and Investment', 86), ('Singapura Finance', 86)]"
Daiwa International Finance (Cayman) Limited,14672,National,277110,90,"[('National', 90), ('Terna', 90), ('National Finance', 90), ('Inter', 90), ('International Finance Corporation', 90), ('National', 90), ('National', 90), ('Daiwa', 90), ('Cayman Corporation', 90), ('National', 90)]"
SIGNUM LIMITED,14673,G Capital,111918,90,"[('G Capital', 90), ('Capital M', 90), ('Sign', 90), ('SIG', 90), ('G Capital', 90), (""Platignum 'A'"", 75), ('Plastinum Polymer Technologies', 75), ('Signaux Girod', 75), ('Design Marketing Concepts', 75), ('Isign Media Solutions', 75)]"
ARV INTERNATIONAL LIMITED,14674,International,169736,95,"[('International', 95), ('Arc International', 94), ('Karver International', 92), ('Arvind International', 92), ('NR International', 91), ('Azur International', 91), ('Ares International', 91), ('Aris International', 91), ('Adva International', 91), ('Azar International', 91)]"
The Toronto-Dominion Bank,14675,Toronto-Dominion Bank,3367,95,"[('Toronto-Dominion Bank', 95), ('Security Bank', 90), ('Security Bank', 90), ('Security Bank', 90), ('Security Bank', 90), ('Security Bank', 90), ('Security Bank', 90), ('Security Bank', 90), ('Dominion Securities', 90), ('Inion', 90)]"
EARLS FOUR LIMITED,14676,AR,5551,90,"[('AR', 90), ('S&F Capital', 90), ('LS', 90), ('Four Rivers Bioenergy', 86), ('Four Oaks Bank and Trust N C', 86), ('Four Oaks Fincorp', 86), ('Square Four PRJS IDA', 86), ('Four Sun Technology', 86), ('R R Securities', 86), ('Four G Holdings', 86)]"
REGAL LIMITED,14677,Regal,112519,100,"[('Regal', 100), ('Regal', 100), ('Regal Bancorp', 90), ('Regal Treasury Bank', 90), ('Regal International Group', 90), ('Regal Communications', 90), ('G Capital', 90), ('GA Capital', 90), ('Regalito Copper', 90), ('Capital Re', 90)]"
Banesto Issuances Ltd,14678,STO,82727,90,"[('STO', 90), ('T T', 86), ('Nestos', 75), ('Vissan', 75), ('Anesta Corporation', 75), ('Nestor', 75), ('Net Insurance', 73), ('Amwest Insurance', 73), ('Lesto', 72), ('Nieto', 72)]"
GS Financial Products International LP,14679,GS Financial,7374,90,"[('GS Financial', 90), ('National', 90), ('Financial Trust Corporation', 90), ('Financial Trust Corporation', 90), ('Terna', 90), ('Financial Trust Corporation', 90), ('Financial Trust Corporation', 90), ('Inter', 90), ('National', 90), ('National', 90)]"
