Target Name,Target No.,Top Match Name,Top Match No.,Top Match Score,All Matched
MTR Corporation (C.I.) Ltd,14729,Capital M,29219,90,"[('Capital M', 90), ('MTR', 90), ('DP Aircraft I', 86), ('C A S Commodity and Financial Futures Accumulation', 86), (""Great Plains Ethanol Capital Unit Class 'C'"", 86), ('Abwicklungsgesellschaft Biogas I', 86), ('Abwicklungsgesellschaft Biogas I (XETRA)', 86), ('Pirelli and C', 86), ('C T I Traffic Industries', 86), ('I Yuan Precision Industrial', 86)]"
Signum Hazel Limited,14730,El Corporation,16423,90,"[('El Corporation', 90), ('Sign', 90), ('Azel', 90), ('SIG', 90), ('Aziel', 80), ('Azelio', 72), ('Ely Capital', 72), ('Elk', 72), ('Azwell', 72), ('ELQ', 72)]"
BPE Finance International Limited,14731,International Finance Corporation,31574,95,"[('International Finance Corporation', 95), ('National', 90), ('Terna', 90), ('Tern', 90), ('Inter', 90), ('National', 90), ('National', 90), ('Tern', 90), ('National', 90), ('International', 90)]"
TMB BANK PUBLIC COMPANY LIMITED,14732,Security Bank,136665,90,"[('Security Bank', 90), ('Security Bank', 90), ('Security Bank', 90), ('Security Bank', 90), ('Security Bank', 90), ('Security Bank', 90), ('Security Bank', 90), ('Trust Company', 90), ('LIC', 90), ('Public Company Limited', 90)]"
SOL MELIA FINANCE LIMITED,14733,Sol,10960,90,"[('Sol', 90), ('INA', 90), ('Geo Finance', 86), ('The Housing Bank for Trade and Finance', 86), ('Asia Al Iraq Isbk for Investment and Finance', 86), ('Al Taif Isbk for Investment and Finance', 86), ('Canterbury SRY Hills Community Finance', 86), ('Equitas Small Finance Bank', 86), ('Erbil Bank for Investment and Finance', 86), ('Merchant Bank of Sri Lanka and Finance', 86)]"
Morgan Stanley Asia Securities Products LLC,14734,Morgan Stanley,143292,90,"[('Morgan Stanley', 90), ('Asia Securities', 90), ('Asia Securities', 90), ('Asia Securities', 90), ('Asia Securities', 90), ('Morgan Stanley', 90), ('Stanley', 90), ('Stanley', 90), ('Morgan Stanley', 90), ('Capital Product', 90)]"
RF Alts Finance I Ltd,14735,S&F Capital,15257,90,"[('S&F Capital', 90), ('INA', 90), ('Geo Finance', 86), ('Abwicklungsgesellschaft Biogas I', 86), ('Abwicklungsgesellschaft Biogas I (XETRA)', 86), ('I Yuan Precision Industrial', 86), ('ML Select Futures I Limited Partnership', 86), ('The Housing Bank for Trade and Finance', 86), ('Asia Al Iraq Isbk for Investment and Finance', 86), ('Al Taif Isbk for Investment and Finance', 86)]"
CORVUS INVESTMENTS LIMITED,14736,Capital Investments,29218,90,"[('Capital Investments', 90), ('INV', 90), ('Capital Investments', 90), ('Corvus Capital', 90), ('NTS', 90), ('NTS', 90), ('ENT', 90), ('Investment Trust Corporation', 90), ('Corvu', 90), ('NVE', 90)]"
Sun Hung Kai Properties Treasury (Cayman) Ltd,14737,Roper,22655,90,"[('Roper', 90), ('Cayman Corporation', 90), ('Sun Hung Kai Properties', 90), ('Capital Properties', 90), ('Capital Properties', 90), ('Sun Hung Kai Properties', 90), ('Sun Hung Kai (SZS) Properties', 87), (""Sun-Create Electronics 'A'"", 86), ('Ocean Sun', 86), ('Sun Source (India)', 86)]"
"Sabadell International Equity, Ltd",14738,Equity International,118971,95,"[('Equity International', 95), ('Equity International', 95), ('National', 90), ('Terna', 90), ('Equity', 90), ('Tern', 90), ('Equity', 90), ('Inter', 90), ('National', 90), ('National', 90)]"
Banco BPI SA,14739,Banco BPI,5630,100,"[('Banco BPI', 100), ('Security Banc', 90), ('BPI SA', 90), ('BP', 90), ('NC&', 90), ('Banco BPI Unsponsored ADR 1:2', 90), ('BPI SA', 90), ('Banco BPI (Frankfurt)', 90), ('Banco BPI (XETRA)', 90), ('Banco BPI Bonus Rights 26/05/11', 90)]"
Seagate Technology HDD Holdings,14740,Seagate Technology Holdings,107258,95,"[('Seagate Technology Holdings', 95), ('Holdings', 90), ('Holdings', 90), ('Holdings', 90), ('Holdings', 90), ('Eaga', 90), ('Seagate Technology', 90), ('DD Holdings', 90), ('Seagate Technology', 90), ('Corporation Holding', 90)]"
PIV Investment Finance (Cayman) Limited,14741,Cayman Corporation,78346,90,"[('Cayman Corporation', 90), ('Investment Trust Corporation', 90), ('Investment Trust Corporation', 90), ('Trust Invest', 90), ('Investment Trust Corporation', 90), ('Finance Leasing', 86), ('Geo Finance', 86), ('Elbarbary Investment', 86), ('Ikka Holdings Cayman', 86), ('Kuwait Finance House', 86)]"
PILTEL (CAYMAN) LTD.,14742,El Corporation,16423,90,"[('El Corporation', 90), ('Man AG', 90), ('Man AG', 90), ('Cayman Corporation', 90), ('CA', 90), ('Man AG', 90), ('Cayman Engley Industrial', 86), ('Cayman Golden Century Wheel Group', 86), ('Prinx Chengshan (Cayman) Holding', 86), ('World Known MFG Cayman Ordinary Shares', 86)]"
Hutchison Whampoa International (03/13) Limite,14743,National,277110,90,"[('National', 90), ('National', 90), ('National', 90), ('Hutchison Whampoa', 90), ('National', 90), ('International', 90), ('National', 90), ('Hutchison Whampoa (SEAQ International)', 88), ('Hutchison Whampoa (SEAQ International)', 88), ('Babcock International', 86)]"
ARLO LIMITED,14744,Montecarlo,2962,90,"[('Montecarlo', 90), ('AR', 90), ('Karlovacka Banka', 90), ('Karlovacka Pivovara', 90), ('Barlo Group', 90), ('Charlotte Charles', 90), ('Hyparlo', 90), (""Carlos Casado 'B'"", 90), ('Ingenio San Carlos', 90), ('Pescara Banatski Karlov', 90)]"
Zeus (Cayman) Ltd,14745,Man AG,150696,90,"[('Man AG', 90), ('Man AG', 90), ('Cayman Corporation', 90), ('CA', 90), ('Zeus', 90), ('Man AG', 90), ('Cayman Engley Industrial', 86), ('Cayman Golden Century Wheel Group', 86), ('Ikka Holdings Cayman', 86), ('Prinx Chengshan (Cayman) Holding', 86)]"
ENSCO (Barbados) Limited,14746,NS,2091,90,"[('NS', 90), ('AR', 90), ('ARB', 90), ('NSC', 90), ('ARB', 90), ('Ensco PLC', 90), ('OS', 90), ('R R Securities', 86), ('D&D', 86), ('Barbados Dairy Industries Limited', 86)]"
Banco do Brasil,14747,Banco do Brasil SA,116701,100,"[('Banco do Brasil SA', 100), ('Banco do Brasil On', 95), ('Security Banc', 90), ('Bras', 90), ('ASI', 90), ('RAS', 90), ('NC&', 90), ('Banco do Brasil ADR 1:1', 90), ('Banco do Brasil ADR (Frankfurt) 1:1', 90), ('Zinco do Brasil', 87)]"
HSBC Bank USA NA (Cayman Islands Branch),14748,Island Capital,31667,90,"[('Island Capital', 90), ('Cayman Corporation', 90), ('Rocket Lab USA', 86), ('Drone Services USA', 86), ('GET Real USA', 86), ('Hua NA Hydropower', 86), ('Select Bank', 86), ('Cayman Engley Industrial', 86), ('Ikka Holdings Cayman', 86), ('Bank of America', 86)]"
Space Limited,14749,Howmet Aerospace,17,90,"[('Howmet Aerospace', 90), ('Aerospace Industrial Development', 90), (""China Aerospace Times Electronics 'A'"", 90), ('Hanwha Aerospace', 90), ('Korea Aerospace Industries', 90), ('Vertical Aerospace', 90), ('A-Sonic Aerospace', 90), ('Aerospace Technology of Korea', 90), ('Astra Space A', 90), ('Danish Aerospace Company', 90)]"
CSN Islands VIII Corp.,14750,NDS,17262,90,"[('NDS', 90), ('Island Capital', 90), ('Land', 90), ('Fleet Capital Trust VIII', 86), ('R R Securities', 86), ('Atel Cash Distribution Fund VIII', 86), ('Channel Islands and International Investment Trust', 86), ('Perpetual Growth Fund VIII Mutual Fund', 86), ('Public Storage Properties VIII A', 86), ('S S V', 86)]"
"BANIF FINANCE, LTD.",14751,Banif,5693,90,"[('Banif', 90), ('ANI', 90), ('INA', 90), ('F&F', 90), ('NC&', 90), ('Kuwait Finance House', 86), ('AU Small Finance Bank', 86), (""Group Finance Galicia 'B'"", 86), ('The Housing Bank for Trade and Finance', 86), ('Asia Al Iraq Isbk for Investment and Finance', 86)]"
Hutchison Whampoa International (03/33) Limite,14752,National,277110,90,"[('National', 90), ('National', 90), ('National', 90), ('Hutchison Whampoa', 90), ('National', 90), ('International', 90), ('National', 90), ('Hutchison Whampoa (SEAQ International)', 88), ('Hutchison Whampoa (SEAQ International)', 88), ('Babcock International', 86)]"
Mizuho Financial Group (Cayman) Limited,14753,Mizuho Financial Group,3428,95,"[('Mizuho Financial Group', 95), ('Financial Trust Corporation', 90), ('Financial Trust Corporation', 90), ('Al Group', 90), ('Financial Trust Corporation', 90), ('Financial Trust Corporation', 90), ('Mizuho Securities', 90), ('Securities Group', 90), ('Securities Group', 90), ('Cayman Corporation', 90)]"
ARLO IV LIMITED,14754,AR,5551,90,"[('AR', 90), ('Capital A', 90), (""Chase Capital IV Capital Securities Series 'D'"", 86), ('Independent Capital Trust IV', 86), ('Wells Fargo Capital IV Guaranteed Capital Securities 7% Maturity 31/09/31', 86), ('Arya Sciences Acquisition IV A', 86), ('CF Acquisition IV A', 86), ('Fortress Value Acquisition IV A', 86), ('Forum Merger IV A', 86), ('Interprivate IV Infratech Partners A', 86)]"
Itau Bank Ltd.,14755,Security Bank,136665,90,"[('Security Bank', 90), ('Security Bank', 90), ('Security Bank', 90), ('Security Bank', 90), ('Security Bank', 90), ('Security Bank', 90), ('Security Bank', 90), ('Tau Capital', 90), ('IT', 90), ('NK', 90)]"
ARLO II LIMITED,14756,AR,5551,90,"[('AR', 90), ('Capital A', 90), ('Allegiant Capital Trust II', 86), ('American Affordable Housing II Limited Partnership', 86), ('CFB Capital II 8.20% Cumulative Capital Securities', 86), ('City Holding Capital Trust II Capital Securities', 86), ('Corts Trust Allstate Fininvest Gestione Fondi II Corts 8.00', 86), ('Corts Trust Fleet Capital Trust II Corts 8', 86), ('Corts Trust Great Western Financial Trust II 7.625%', 86), ('Corts Trust II First Union Capital I A 7.5%', 86)]"
Sedna Finance Corporation,14757,DNA,36046,90,"[('DNA', 90), ('INA', 90), ('NC&', 90), ('Kuwait Finance House', 86), ('AU Small Finance Bank', 86), (""Group Finance Galicia 'B'"", 86), ('The Housing Bank for Trade and Finance', 86), ('Asia Al Iraq Isbk for Investment and Finance', 86), ('Al Taif Isbk for Investment and Finance', 86), ('Apna Micro Finance Bank', 86)]"
EFG Hellas (Cayman Islands) Limited,14758,Island Capital,31667,90,"[('Island Capital', 90), ('Cayman Corporation', 90), ('Land', 90), ('Cyclon Hellas', 86), ('Andrimer Hellas', 86), ('Iktinos Hellas', 86), ('Ko JA (Cayman)', 86), ('Channel Islands and International Investment Trust', 86), ('Landssimi Islands', 86), ('Newsphone Hellas', 86)]"
BA-CA Finance (Cayman) Limited,14759,Man AG,150696,90,"[('Man AG', 90), ('Man AG', 90), ('INA', 90), ('Cayman Corporation', 90), ('Man AG', 90), ('Geo Finance', 86), ('Cayman Golden Century Wheel Group', 86), ('Prinx Chengshan (Cayman) Holding', 86), ('World Known MFG Cayman Ordinary Shares', 86), ('Farmers Merchants Bank Long Beach CA', 86)]"
CSN Islands IX Corp.,14760,NDS,17262,90,"[('NDS', 90), ('Island Capital', 90), ('Land', 90), ('Bank of the Philippines Islands', 86), ('IX Net Zero', 86), ('R R Securities', 86), ('Channel Islands and International Investment Trust', 86), ('Decs Trust IX', 86), ('Mcneil Real Estate Units Limited Partnership IX', 86), ('Public Storage Properties IX A', 86)]"
BIE-Bank & Trust Ltd.,14761,Security Bank,136665,90,"[('Security Bank', 90), ('Security Bank', 90), ('Security Bank', 90), ('Security Bank', 90), ('Security Bank', 90), ('Security Bank', 90), ('Security Bank', 90), ('IE', 90), ('NK', 90), ('Capital A', 90)]"
Credit Suisse Investment Products (Asia Pacifi,14762,Investment Trust Corporation,129028,90,"[('Investment Trust Corporation', 90), ('Investment Trust Corporation', 90), ('Trust Invest', 90), ('E-Invest', 90), ('Investment Trust Corporation', 90), ('Capital Product', 90), ('Air Asia Company', 86), ('Sumitomo Precision Products', 86), ('Advanced Technical Products', 86), ('Pacific Safety Products', 86)]"
China Overseas Finance (Cayman) I Limited,14763,Cayman Corporation,78346,90,"[('Cayman Corporation', 90), ('DP Aircraft I', 86), ('Finance Leasing', 86), ('China Southern Power Grid Energy Efficiency and Clean Energy A', 86), ('China Network Media', 86), ('GC China Turbine', 86), ('Geo Finance', 86), ('China Energy', 86), ('China Motor', 86), ('China Capital Enterprises', 86)]"
The Trafford Centre Finance Limited,14764,Centre Capital,117481,90,"[('Centre Capital', 90), ('Finance Leasing', 86), ('Geo Finance', 86), ('Asia Al Iraq Isbk for Investment and Finance', 86), ('Bimputh Finance', 86), ('Ipdc Finance', 86), ('Singapura Finance', 86), ('The Bank of Khyber', 86), ('The Bank of Punjab', 86), ('The Bank of Toyama', 86)]"
Hutchison Whampoa Finance(05) Limited,14765,Hutchison Whampoa,45634,90,"[('Hutchison Whampoa', 90), ('Finance Leasing', 86), ('Geo Finance', 86), ('Asia Al Iraq Isbk for Investment and Finance', 86), ('Bimputh Finance', 86), ('Ipdc Finance', 86), ('Singapura Finance', 86), ('The International Bank for Trade and Finance', 86), ('CFS Finance (United States) Merger 13/05/93', 86), ('Kenya Finance Bank', 86)]"
VOTO-VOTORANTIM OVERSEAS TRADING OPERATIONS IV,14766,Biopower Operations,703,86,"[('Biopower Operations', 86), ('United Overseas Bank', 86), ('Indian Overseas Bank', 86), ('Bank of Syria and Overseas', 86), ('BAC Capital Trust IV', 86), ('Bank of Overseas Chinese', 86), ('Brindaban Holdings and Trading', 86), ('CFB Capital Trust IV', 86), (""Chase Capital IV Capital Securities Series 'D'"", 86), ('Corts Trust IV 7%', 86)]"
MTFG Capital Finance Limited,14767,MTF,37939,90,"[('MTF', 90), ('INA', 90), ('NC&', 90), ('MTD Finance', 87), ('Kuwait Finance House', 86), ('GPO Finance Banorte', 86), ('AU Small Finance Bank', 86), (""Group Finance Galicia 'B'"", 86), ('The Housing Bank for Trade and Finance', 86), ('Asia Al Iraq Isbk for Investment and Finance', 86)]"
Resona Preferred Global Securities (Cayman) Li,14768,Global,90599,90,"[('Global', 90), ('Cayman Corporation', 90), ('Global', 90), ('Globa', 90), ('Global Ecology', 86), ('Spire Global A', 86), ('Beam Global', 86), ('G P Global Power', 86), ('Global Bioenergies', 86), ('Global Clean Energy', 86)]"
First Dominion Funding III,14769,First Capital Corporation,169089,90,"[('First Capital Corporation', 90), ('First Capital Corporation', 90), ('First Capital Corporation', 90), ('First Capital Corporation', 90), ('First Capital Corporation', 90), ('First Capital Corporation', 90), ('Dominion Securities', 90), ('First Capital Corporation', 90), ('Inion', 90), ('Firs', 90)]"
KBC Investments Cayman Islands Limited,14770,Capital Investments,29218,90,"[('Capital Investments', 90), ('Capital Investments', 90), ('Island Capital', 90), ('Cayman Corporation', 90), ('Investment Trust Corporation', 90), ('Land', 90), ('Investment Trust Corporation', 90), ('Trust Invest', 90), ('Investment Trust Corporation', 90), ('Aardvark Investments', 86)]"
Shinsei Finance II (Cayman) Limited,14771,Cayman Corporation,78346,90,"[('Cayman Corporation', 90), ('Finance Leasing', 86), ('Geo Finance', 86), ('Shinsei Bank Limited', 86), ('Asia Al Iraq Isbk for Investment and Finance', 86), ('Al Taif Isbk for Investment and Finance', 86), ('Bimputh Finance', 86), ('Ipdc Finance', 86), ('National Housing Finance and Investment', 86), ('Singapura Finance', 86)]"
Shinsei Finance (Cayman) Limited,14772,NSE,232,90,"[('NSE', 90), ('SHI', 90), ('Man AG', 90), ('Man AG', 90), ('INA', 90), ('Cayman Corporation', 90), ('Man AG', 90), ('Finance Leasing', 86), ('Geo Finance', 86), ('World Known MFG Cayman Ordinary Shares', 86)]"
AIG-FP Private Funding Cayman Limited,14773,Cayman Corporation,78346,90,"[('Cayman Corporation', 90), ('Carbotrade Private', 86), ('RBS Capital Funding Trust VI 6.25%', 86), ('Ko JA (Cayman)', 86), ('LM Funding America', 86), ('Ask Funding', 86), ('Asta Funding', 86), ('Austin Funding', 86), ('BBVA Capital Funding', 86), ('Criterion Dow Jones AIG Commodity Index Fund Units', 86)]"
UOB Cayman I Limited,14774,Man AG,150696,90,"[('Man AG', 90), ('Man AG', 90), ('Cayman Corporation', 90), ('CA', 90), ('Man AG', 90), ('Abwicklungsgesellschaft Biogas I', 86), ('Abwicklungsgesellschaft Biogas I (XETRA)', 86), ('C T I Traffic Industries', 86), ('Cayman Engley Industrial', 86), ('Cayman Golden Century Wheel Group', 86)]"
