Target Name,Target No.,Top Match Name,Top Match No.,Top Match Score,All Matched
PSA CORPORATION LIMITED,17789,Cadipsa,963,90,"[('Cadipsa', 90), ('Unipsa', 90), ('Edrasis Psallidas', 90), ('Petroleos (Cepsa)', 90), ('Apsa Biai Mare', 90), (""Cepsa 'B' Cap"", 90), ('IPSA Group', 90), ('Psaem', 90), ('Bepsa del Paraguay Saeca', 90), ('PSA New', 90)]"
The Hongkong and Shanghai Banking Corporation,17790,Abilene Oil and Gas,29,86,"[('Abilene Oil and Gas', 86), ('Adsteam and Marine', 86), ('Ambassador Oil and Gas', 86), ('Asia Oil and Minerals', 86), ('Aurora Oil and Gas', 86), ('Babcock and Brown', 86), ('Boag J and Son', 86), ('Brick and Pipe', 86), ('Cable and Telecoms', 86), ('Cobepa ACT and WRT', 86)]"
CDL Properties Ltd,17791,Capital Properties,203595,95,"[('Capital Properties', 95), ('Capital Properties', 95), ('IE', 90), ('RTI', 90), ('Roper', 90), ('DL', 90), ('Centro Properties Group', 86), ('D J Properties', 86), ('Fairplay Residential Properties', 86), ('Horizon Properties Suspended 22/01/92', 86)]"
Deutsche Bank AG,17792,Deutsche Bank,166257,100,"[('Deutsche Bank', 100), ('Deutsche Bank', 100), ('Deutsche Bank PBC', 95), ('Deutsche Bank ADR', 95), ('Deutsche Bank Neue', 95), ('Deutsche Bank Peru', 95), ('Deutsche Bank (BUD)', 95), ('Deutsche Bank New', 95), ('Deutsche Bank (Pet)', 95), ('Deutsche Bank (AMS)', 95)]"
JOYNOTE LTD,17793,J Trust,110632,90,"[('J Trust', 90), ('Note', 90), ('T T', 86), ('Otec', 77), ('Tec', 72), ('TEM', 72), ('TEI', 72), ('TES', 72), ('Joytoto', 71), ('Jooyontech', 71)]"
CANADIAN IMPERIAL BANK OF COMMERCE,17794,Canadian Imperial Bank Commerce,80282,95,"[('Canadian Imperial Bank Commerce', 95), ('Canadian Imperial Bank of Commerce CDA Nikkei 225', 95), ('Canadian Imperial Bank of Commerce Preferred Units', 95), ('Canadian Imperial Bank of Commerce Preferred C', 95), ('Canadian Imperial Bank of Commerce Preferred E', 95), ('Canadian Imperial Bank of Commerce Warrants', 95), ('Bank of Commerce', 90), ('Imperial', 90), ('Bank of Commerce', 90), ('Imperial', 90)]"
Mitsui & Co Asia Investment Ltd,17795,Investment Trust Corporation,48177,90,"[('Investment Trust Corporation', 90), ('Trust Invest', 90), ('Investment Trust Corporation', 90), ('Investment Trust Corporation', 90), ('Asia Capital', 90), ('Asia Capital', 90), ('Investment Trust Corporation', 90), ('Asia Capital', 90), ('Mitsui', 90), ('Asia Capital', 90)]"
CREDIT INDUSTRIEL ET COMMERCIAL,17796,Credit Industriel et Commercial,165963,100,"[('Credit Industriel et Commercial', 100), ('Credit Industrial et Commercial', 97), ('Dust', 90), ('Credit General', 86), ('Credit Suisse PL100 Emerging Markets Infrastructure Development Trust', 86), ('Gem Commercial', 86), ('Midland Commercial', 86), ('Paladin Commercial Trust', 86), ('Commercial Financial', 86), ('Commercial Solutions', 86)]"
BOC Aviation,17797,BOC Aviation,97381,100,"[('BOC Aviation', 100), ('BOC Aviation (SZS)', 95), ('Ion', 90), ('At Trust', 90), ('ATI', 90), ('Ion', 90), ('AVI', 90), ('IA', 90), ('ATI', 90), ('BOC Aviation (HKSE Connect Equity)', 90)]"
SHANGRI-LA HOTEL LIMITED,17798,Shangri-La Hotel,122618,100,"[('Shangri-La Hotel', 100), ('Shangri-La Hotel', 100), ('Shangri-La Hotel NVDR', 95), ('El Corporation', 90), ('Shangri-La Hotel Public Company Limited', 90), ('Shangri-La Hotels (Malaysia)', 90), ('Shangri-La Hotel Foreign Board', 90), ('Alhamra Hotel and Resorts', 86), ('BT Hotel', 86), ('La Agraria', 86)]"
ICB (2002) Limited,17799,CB Capital,6254,90,"[('CB Capital', 90), ('IC', 90), ('IC', 90), ('Total Energy Services W EXP 03/12/2002', 86), ('Claimindo 1978-2002', 86), ('Covasna Estival 2002', 86), ('Moldova Estival 2002', 86), ('Muntenia Estival 2002', 86), ('Nova Ljubljanska B 6.75% 1/6/2002', 86), ('Oltenia Estival 2002', 86)]"
Krung Thai Bank Public Company Limited,17800,Krung Thai Bank Public Company ADR 1:20,188748,95,"[('Krung Thai Bank Public Company ADR 1:20', 95), ('Trust Company', 90), ('Security Bank', 90), ('Public', 90), ('Security Bank', 90), ('Security Bank', 90), ('Security Bank', 90), ('Security Bank', 90), ('Security Bank', 90), ('Security Bank', 90)]"
Industrial & Commercial Bank of China,17801,Industrial and Commercial Bank of China Asia,26930,95,"[('Industrial and Commercial Bank of China Asia', 95), ('Industrial and Commercial Bank of China (Thai)', 95), (""Industrial and Commercial Bank of China 'A'"", 95), (""Industrial and Commercial Bank of China 'H'"", 95), ('Industrial and Commercial Bank of China (Thai) NVDR', 95), ('Industrial and Commercial Bank of China Preferred', 95), (""Industrial and Commercial Bank of China 'H' (SZS)"", 95), (""Industrial and Commercial Bank of China 'H' (Frankfurt)"", 95), (""Industrial and Commercial Bank of (XETRA) China 'H'"", 95), ('Industrial and Commercial Bank of (XETRA) China Asia', 95)]"
Agricultural Bank of China (Singapore),17802,Agricultural Bank of China 'A',87343,91,"[(""Agricultural Bank of China 'A'"", 91), (""Agricultural Bank of China 'H'"", 91), ('Adelaide Bank', 86), ('Advance Bank Australia', 86), ('AFB Bank ASC', 86), ('Australian Agricultural', 86), ('Australia China Holdings', 86), ('Azar-Turk Bank', 86), ('Bank Azerbaijan', 86), ('Barbados National Bank', 86)]"
SP POWERASSETS LIMITED,17803,RAS,21455,90,"[('RAS', 90), ('Capital Power', 90), ('SP', 90), ('Asset Capital', 90), ('Asset Capital', 90), ('Capital Power', 90), ('Capital Power', 90), ('SP', 90), ('TS', 90), ('SSE', 90)]"
Volkswagen Financial Services Singapore Ltd,17804,Financial Trust Corporation,195613,90,"[('Financial Trust Corporation', 90), ('Security Service', 90), ('Financial Trust Corporation', 90), ('Financial Trust Corporation', 90), ('Financial Trust Corporation', 90), ('Volkswagen', 90), ('Financial Trust Corporation', 90), ('Financial Services', 90), ('Financial Trust Corporation', 90), ('Ausnet Services', 86)]"
Hitachi International Treasury Ltd,17805,Treasury International,58144,95,"[('Treasury International', 95), ('National', 90), ('Terna', 90), ('Hitachi', 90), ('Inter', 90), ('National', 90), ('National', 90), ('Tern', 90), ('National', 90), ('Hitachi', 90)]"
Standard Chartered Bank,17806,Standard Chartered Bank,113854,100,"[('Standard Chartered Bank', 100), ('Standard Chartered Bank', 100), ('Standard Chartered Bank', 100), ('Standard Chartered Bank Botswana', 95), ('Standard Chartered Bank Ghana', 95), ('Standard Chartered Bank Pakistan', 95), ('Standard Chartered', 95), ('Standard Chartered Bank Zambia', 95), ('Standard Chartered (BRN)', 91), ('Andar', 90)]"
ICICI Bank Limited,17807,Icici Bank,97088,100,"[('Icici Bank', 100), ('Icici Bank BDR', 95), ('Security Bank', 90), ('Icici', 90), ('CIC', 90), ('IC', 90), ('Security Bank', 90), ('Security Bank', 90), ('Security Bank', 90), ('Security Bank', 90)]"
Sumitomo Corporation Capital Asia Pte. Ltd.,17808,Asia Capital,116969,90,"[('Asia Capital', 90), ('Asia Capital', 90), ('ASI', 90), ('Asia Capital', 90), ('Sumitomo', 90), ('Mito Securities', 90), ('Asia Capital', 90), ('Asia Growth Convertible Class Swiss Franc (CFC)', 86), ('E-Pay Asia', 86), ('EC-Asia International Chess/Crest Depository Interest', 86)]"
Avago Technologies Finance Pte. Ltd.,17809,Avago Technologies Finance PTE Limited,70284,100,"[('Avago Technologies Finance PTE Limited', 100), ('Avago Technologies Limited', 90), ('Allco Finance Group', 86), ('Alpha Technologies', 86), ('Beneficial Finance', 86), ('CDS Technologies', 86), ('Dominant Finance Inc', 86), ('Hyundai Finance', 86), ('Intermills (Finance)', 86), ('KTL Technologies', 86)]"
Capitaland Treasury Limited,17810,Capitaland,33089,90,"[('Capitaland', 90), ('Cap', 90), ('Tre', 90), ('Cap', 90), ('ALA', 90), ('Cap', 90), ('Capita', 90), ('Land', 90), ('Capita', 90), ('Cap', 90)]"
MAPLETREELOG TREASURY COMPANY PTE. LTD.,17811,Trust Company,4284,90,"[('Trust Company', 90), ('Bakixanov Company', 86), ('Company On', 86), ('Contax Holding Company', 86), ('Faulding FH&Company', 86), ('King Island Company', 86), ('Queensland Gas Company', 86), ('Roc Oil Company', 86), ('Sigma Company', 86), ('Sky and Space Company', 86)]"
The Hongkong Land Treasury Services (Singapore,17812,Hongkong Land,2127,90,"[('Hongkong Land', 90), ('Security Service', 90), ('Ausnet Services', 86), ('Australian Topmaking Services', 86), ('Fiducian Portfolio Services', 86), ('Funeral Services Group', 86), ('Gosnells Financial Services', 86), ('Harbord Financial Services', 86), ('Hutchisons Child Care Services', 86), ('IFS Construction Services', 86)]"
Axis Bank Ltd,17813,Axis Bank,97124,100,"[('Axis Bank', 100), ('Axis Bank GDR', 95), ('Axis', 90), ('Security Bank', 90), ('Security Bank', 90), ('Security Bank', 90), ('Security Bank', 90), ('Security Bank', 90), ('Security Bank', 90), ('Security Bank', 90)]"
Wan Hai Lines (Singapore) Pte Ltd.,17814,Line,27889,90,"[('Line', 90), ('Ines', 90), ('Wan Hai Lines', 90), ('Minoan Lines', 86), ('Credit Lines', 86), ('S E S', 86), ('Wan Pao Navigation', 86), ('Amalgamated Properties and Industries (Singapore)', 86), ('Courts (Singapore)', 86), ('Insurance Corporation Singapore', 86)]"
Sumitomo Mitsui Banking Corporation,17815,Sumitomo Mitsui Banking,30601,100,"[('Sumitomo Mitsui Banking', 100), ('Security Bank', 90), ('King', 90), ('O-M Limited', 90), ('Security Bank', 90), ('Security Bank', 90), ('Security Bank', 90), ('Security Bank', 90), ('Security Bank', 90), ('Mitsui', 90)]"
The Korea Development Bank,17816,T Bank,22692,90,"[('T Bank', 90), ('Security Bank', 90), ('Korea Development', 90), ('Security Korea', 90), ('Security Bank', 90), ('Security Bank', 90), ('Security Bank', 90), ('Security Bank', 90), ('Security Bank', 90), ('Security Bank', 90)]"
KEB HANA BANK,17817,Hana Bank,178818,95,"[('Hana Bank', 95), ('Security Bank', 90), ('EB Inc', 90), ('EB Inc', 90), ('Hana Securities', 90), ('Security Bank', 90), ('Security Bank', 90), ('EB Inc', 90), ('Security Bank', 90), ('Security Bank', 90)]"
SHINHAN BANK,17820,Security Bank,200310,90,"[('Security Bank', 90), ('Hi', 90), ('Shinhan Securities', 90), ('Shinhan Securities', 90), ('Security Bank', 90), ('Security Bank', 90), ('Security Bank', 90), ('Security Bank', 90), ('Security Bank', 90), ('Security Bank', 90)]"
Enercoal Resources Pte.Ltd,17822,Erco,34371,90,"[('Erco', 90), ('Source Capital', 90), ('Acacia Resources', 86), ('Adamus Resources', 86), ('AIC Resources', 86), ('Alcyone Resources', 86), ('Anchor Resources', 86), ('Andean Resources', 86), ('Aquila Resources', 86), ('Aragon Resources', 86)]"
F&N Treasury Pte Ltd,17823,Re Capital,67648,90,"[('Re Capital', 90), ('Re Capital', 90), ('Tre', 90), ('A N G Holdings (Australian)', 86), ('Asian Technology F Class A (SICAV)', 86), ('Econocom International N V New', 86), ('L&N Holding B (Taken Over by 307152)', 86), ('N B Cook', 86), ('N E S A', 86), ('Nobel Industrier F (Copenhagen) (Takeover by 912643)', 86)]"
The Ascott Capital Pte Ltd,17824,ASC Trust,304,90,"[('ASC Trust', 90), ('E&A', 90), ('Scott Corporation', 90), ('Ascot', 90), ('Ascot', 90), ('Investment Company of the West', 86), ('Over the Wire Holdings', 86), ('The Bahraini Saudi Bank', 86), ('The Village Building Company Limited', 86), ('Base of the Bridge Technology', 86)]"
HSBC Institutional Trust Services (Singapore),17825,BC Institut,5541,90,"[('BC Institut', 90), ('Security Service', 90), ('Ausnet Services', 86), ('Funeral Services Group', 86), ('HSBC SEG On 1000', 86), ('IFS Construction Services', 86), ('Mac Services Group', 86), ('RXP Services', 86), ('Scientific Services', 86), ('Spotless Services', 86)]"
CMT MTN Pte. Ltd,17826,CMT,16015,90,"[('CMT', 90), ('Battle MTN CDA Exchangeable', 86), ('Dome MTN Resources', 86), ('Keppel DC REIT Managemen T PTE Limited', 86), ('Avago Technologies Finance PTE Limited', 86), ('Cumberland MTN Bancorp', 86), ('County Bank Chesterfield Virginia CMT-Capital Stock', 86), (""Xinjiang Tianshan CMT 'A'"", 86), (""Zhejiang Jiecang Linear MTN Technology 'A'"", 86), ('T T', 86)]"
SOUTH BEACH CONSORTIUM PTE. LTD.,17827,Beach,125130,90,"[('Beach', 90), ('Sunny Beach', 86), (""Future Beach 'A'"", 86), ('South Duval Gold', 86), ('South American Goldfields Unit Expired 10/03/89', 86), ('South Wharf', 86), ('Coral Beach Eilat', 86), ('D A Consortium', 86), ('GAI Beach Limited', 86), ('Petroliam Nasional Berhad (Petronas) Palm Beach', 86)]"
Starhill Global REIT MTN Pte. Ltd.,17828,Starhill Global REIT,116208,95,"[('Starhill Global REIT', 95), ('Capital Hill', 90), ('Star', 90), ('Globa', 90), ('Global', 90), ('Global', 90), ('Star', 90), ('ADG Global Supply', 86), ('Agricultural Land Opportunity Fund MEL Invest REIT', 86), ('Agroenergy REIT', 86)]"
DnB NOR Bank ASA,17829,Security Bank,200310,90,"[('Security Bank', 90), ('Security Bank', 90), ('Security Bank', 90), ('Security Bank', 90), ('Security Bank', 90), ('Security Bank', 90), ('Security Bank', 90), ('NK', 90), ('DNB Nor Bank ASA CA LL Brent Crude Oil Future 18OCT40', 90), ('DNB Nor Bank ASA Put Brent Crude Oil Future 18/10', 90)]"
CCT MTN Pte Ltd,17830,Battle MTN CDA Exchangeable,5528,86,"[('Battle MTN CDA Exchangeable', 86), ('Dome MTN Resources', 86), ('CCT Technology Holdings Limited', 86), ('Keppel DC REIT Managemen T PTE Limited', 86), ('Avago Technologies Finance PTE Limited', 86), ('Cumberland MTN Bancorp', 86), (""Zhejiang Jiecang Linear MTN Technology 'A'"", 86), ('CCT Fortis Holdings', 86), ('T T', 86), ('MTN Nigeria Communications', 86)]"
JURONG SHIPYARD PTE LTD,17831,Hip,110187,90,"[('Hip', 90), ('SHI', 90), ('ABG Shipyard', 86), ('S E S', 86), ('2X1 Holding CPE Media Shipyard', 86), ('D&D', 86), ('Jurong Technologies Industrial', 86), ('Keppel DC REIT Managemen T PTE Limited', 86), ('Avago Technologies Finance PTE Limited', 86), ('R R Securities', 86)]"
