Target Name,Target No.,preprocessed,First word,Top matched name for First word,Top matched No. for First word,Matched score for First word,Second word,Top matched name for Second word,Top matched No. for Second word,Matched score for Second word,Third word,Top matched name for Third word,Top matched No. for Third word,Matched score for Third word
MMC FINANCE LIMITED,11028,mmc finance,mmc,MMC San TIC,121036,92.8,mmc finance,IMC Finance,26883,91.0,mmc finance,IMC Finance,26883,91.0
MMC International Finance (Netherlands) B.V.,16168,mmc international finance (netherlands) b.v.,mmc,MMC Norilsk Nickel (Kaz),218364,89.4,mmc international,International,206505,89.2,mmc international finance,National Finance,112023,90.6
MMK INTERNATIONAL CAPITAL DESIGNATED ACTIVITY,11077,mmk international capital designated activity,mmk,MMK Standard AD Niksic,94561,88.4,mmk international,International,206505,89.0,mmk international capital,National Capital,75093,90.4
"MMS USA FINANCING, INC.",24853,mms usa financing,mms,Emmsons International,100337,90.6,mms usa,Comfort Systems USA (Frankfurt),262318,78.0,mms usa financing,Financing,17627,93.8
MMX Porto Sudeste LTDA,4302,mmx porto sudeste ltda,mmx,MMX Mineracao E Metalicos,149656,89.4,mmx porto,Port,112850,86.2,mmx porto sudeste,Porto Sudeste VM,85472,86.8
"Mobile Energy Services Holdings, Inc.",21246,mobile energy services holdings,mobile,Mobile Freshness Holding,20169,94.6,mobile energy,Energy,79025,86.4,mobile energy services,Security Service,50414,87.4
Mobile Telephone Networks Holdings (Proprietar,25578,mobile telephone networks holdings (proprietar,mobile,Mobilezone Holding (XETRA),313727,92.2,mobile telephone,Korea Mobile Telephone Goods REP 1/30 Common Shares,207019,90.8,mobile telephone networks,Network Security,66841,85.2
MOBILE TELEPHONE NETWORKS HOLDINGS LIMITED,25623,mobile telephone networks holdings,mobile,Mobile Freshness (XETRA) Holding,20168,94.0,mobile telephone,Korea Mobile Telephone Goods REP 1/30 Common Shares,207019,90.8,mobile telephone networks,Network Security,66841,86.8
mobilezone ag,5497,mobilezone,mobilezone,Mobilezone Holding,115939,94.2,mobilezone,Mobilezone Holding,115939,94.2,mobilezone,Mobilezone Holding,115939,94.2
MODEL ECONOMIC TOWNSHIP LIMITED,11944,model economic township,model,Modelo Continente SGPS SA,169287,91.6,model economic,Nomi,37523,86.0,model economic township,Odel,121491,86.0
"Modern Farming (Group) CO., Ltd",6778,modern farming (group),modern,Modernform Group,121055,95.8,modern farming,Far,82967,84.8,modern farming (group),Securities Group,29993,87.4
"Modern Green Development Co.,Ltd.",6986,modern green development co.ltd.,modern,Minyuan Modern Agricultural Development 'A',10180,91.8,modern green,Gree,106572,84.4,modern green development,EC Development,53931,85.8
Modern Times Group MTG AB,1527,modern times group mtg,modern,Modern Times Group Mortgage B,115941,97.19999999999999,modern times,Modern Times Group Mortgage A,175884,97.19999999999999,modern times group,Modern Times Group Mortgage B,115941,97.19999999999999
Moelis Australia Ltd,3647,moelis australia,moelis,Moelis Class A,134646,93.39999999999999,moelis australia,Austral,177447,92.2,moelis australia,Austral,177447,92.2
Mohawk Capital Finance S.A.,15366,mohawk capital finance,mohawk,Mohawk Oil CDA,10220,92.2,mohawk capital,Security Capital,76742,89.6,mohawk capital finance,Capital Trust,99352,89.6
Mohawk Capital Luxembourg S.A.,15328,mohawk capital luxembourg,mohawk,Mohawk Rubber,66605,90.6,mohawk capital,Capital Trust,99352,88.8,mohawk capital luxembourg,Security Capital,76742,88.8
Mohegan Gaming & Entertainment,21260,mohegan gaming & entertainment,mohegan,Mohegan Tribal Gaming Authority,66606,92.39999999999999,mohegan gaming,MOH,28430,83.6,mohegan gaming &,Gan,17790,83.6
MOL GROUP FINANCE SA,15246,mol group finance,mol,Molope Group 'N',179837,93.39999999999999,mol group,Trimol Group,132356,92.39999999999999,mol group finance,Group,54856,89.0
Molnlycke Holding AB,17616,molnlycke holding,molnlycke,YC,124262,84.2,molnlycke holding,KE Holdings Inc,159254,90.2,molnlycke holding,KE Holdings Inc,159254,90.2
Molson Coors Capital Finance ULC,5089,molson coors capital finance ulc,molson,Molson Coors Canada (Frankfurt) B,264753,93.0,molson coors,Molson Coors Canada (Frankfurt) B,264753,93.0,molson coors capital,Capital Trust,99352,87.2
"Molson Coors International L.P.,",23083,molson coors international,molson,Molson Coors Beverage A,189211,93.8,molson coors,Molson Coors Beverage A,189211,93.8,molson coors international,International,206505,93.39999999999999
MOMENTIVE PERFORMANCE MATERIALS INC.,22249,momentive performance materials,momentive,Momentive Global (Mexico),218376,91.39999999999999,momentive performance,Forma,109647,85.6,momentive performance materials,Neo Performance Materials,84893,90.80000000000001
Mondelez International Holdings Netherlands B.,16424,mondelez international holdings netherlands b.,mondelez,Mondelez International Class A,132946,94.2,mondelez international,Mondelez International Class A,132946,94.2,mondelez international holdings,SA SA International Holdings,104062,93.0
Mondi Finance Europe GmbH,2916,mondi finance europe gmbh,mondi,Mondial Ventures,130783,90.8,mondi finance,Mondi,37156,86.6,mondi finance europe,Europe,17350,87.8
MONDI FINANCE PLC,9449,mondi finance,mondi,Mondi Swiecie,37157,93.8,mondi finance,Mondi,124490,91.2,mondi finance,Mondi,124490,91.2
Monex Finance Corporation,13790,monex finance corporation,monex,Monex Grupo Financiero SA de Convertible,28447,92.2,monex finance,Monex,37160,86.6,monex finance corporation,AB Corporation,23877,92.2
Mong Duong Finance Holdings B.V.,16463,mong duong finance holdings b.v.,mong,Mongolia Holdings,56119,93.0,mong duong,Mo,60623,82.4,mong duong finance,INA,65640,83.4
Monsanto Finance Canada Co.,5084,monsanto finance canada,monsanto,Monsanto India,28456,94.0,monsanto finance,Monsanto,60637,90.4,monsanto finance canada,Monsanto,60637,90.4
Montana Power Capital I,21411,montana power capital i,montana,Montana Power Capital I Quips A 8 45%,198245,95.39999999999999,montana power,Montana Power Capital I Quips A 8 45%,198245,95.39999999999999,montana power capital,Montana Power Capital I Quips A 8 45%,198245,95.39999999999999
Monte dei Paschi di Siena Capital Services Ban,12224,monte dei paschi di siena capital services ban,monte,Banca Monte dei Paschi di Siena Spa,165078,93.8,monte dei,Banca Monte dei Paschi di Siena Spa,165078,93.8,monte dei paschi,Banca Monte dei Paschi di Siena Spa,165078,93.8
MONTEA SCA,8572,montea sca,montea,Montea,89516,95.0,montea sca,Montea,89516,95.0,montea sca,Montea,89516,95.0
Montepaschi Vita S.p.A.,12255,montepaschi vita,montepaschi,Banca Monte Paschi (VIRT-X),293445,86.8,montepaschi vita,ASC Trust,304,86.4,montepaschi vita,ASC Trust,304,86.4
Monumental Global Funding II,21645,monumental global funding ii,monumental,Monumental Minerals,84779,91.0,monumental global,Monumental,66629,90.6,monumental global funding,Monumental,66629,90.6
Monumental Global Funding III,22242,monumental global funding iii,monumental,Monumental Minerals,84779,90.8,monumental global,Monumental,66629,90.2,monumental global funding,Monumental,66629,90.2
Monumental Global Funding Ltd,14688,monumental global funding,monumental,Monumental Minerals,84779,91.8,monumental global,Monumental,66629,91.39999999999999,monumental global funding,Monumental,66629,91.39999999999999
Moon Wise Global Limited,10516,moon wise global,moon,Moon River Capital,84780,91.8,moon wise,ISE,9198,86.4,moon wise global,Wisec Global,105896,92.60000000000001
"MOONGORIDOTCOM CO.,LTD",14504,moongoridotcom co.ltd,moongoridotcom,IDO Security,55149,85.0,moongoridotcom co.ltd,IDO Security,55149,85.0,moongoridotcom co.ltd,IDO Security,55149,85.0
"MOORIM CAPITAL CO., LTD",14340,moorim capital,moorim,Moorim SP,121078,94.0,moorim capital,Security Capital,76742,93.39999999999999,moorim capital,Security Capital,76742,93.39999999999999
Morgan Guaranty Trust Company of New York,21779,morgan guaranty company of new york,morgan,J P Morgan and Company (XETRA),309338,92.39999999999999,morgan guaranty,Aran,98654,84.2,morgan guaranty company,Trust Company,4284,86.6
Morgan Stanley & Co. International plc,9140,morgan stanley & international,morgan,Morgan Stanley Income Securities Nav,238264,94.6,morgan stanley,Morgan Stanley Capital Trust,66644,94.6,morgan stanley &,Morgan Stanley,198268,92.8
Morgan Stanley (Jersey) Limited,12408,morgan stanley (jersey),morgan,Morgan Stanley (XETRA),264780,96.8,morgan stanley,Morgan Stanley (XETRA),264780,96.8,morgan stanley (jersey),Morgan Stanley,198268,95.19999999999999
Morgan Stanley Aircraft Finance,21532,morgan stanley aircraft finance,morgan,Morgan Stanley Finance Unit,198284,95.19999999999999,morgan stanley,Morgan Stanley Finance Unit,198284,95.19999999999999,morgan stanley aircraft,Morgan Stanley,132920,92.39999999999999
Morgan Stanley Asia Products Limited,14801,morgan stanley asia products,morgan,Morgan Stanley DS,189235,95.19999999999999,morgan stanley,Morgan Stanley DS,189235,95.19999999999999,morgan stanley asia,Morgan Stanley Asia-Pacific Fund,145845,94.0
Morgan Stanley Asia Securities Products LLC,14734,morgan stanley asia products,morgan,Morgan Stanley DS,189235,95.19999999999999,morgan stanley,Morgan Stanley DS,189235,95.19999999999999,morgan stanley asia,Morgan Stanley Asia-Pacific Fund,145845,94.0
MORGAN STANLEY CAPITAL (CAYMAN ISLANDS) LIMITE,14781,morgan stanley capital (cayman islands) limite,morgan,Morgan Stnly Capital Trust VIII,66647,93.6,morgan stanley,Morgan Stanley Capital Trust V 5.75% Capital Securities,60588,93.39999999999999,morgan stanley capital,Morgan Stanley Capital Trust V 5.75% Capital Securities,60588,93.39999999999999
"Morgan Stanley Dean Witter Bank, Inc.",22278,morgan stanley dean witter bank,morgan,Morgan Stanley Dean Witter 144A,74800,98.0,morgan stanley,Morgan Stanley Dean Witter 144A,74800,98.0,morgan stanley dean,Morgan Stanley Dean Witter 144A,74800,98.0
Morgan Stanley India Capital Private Ltd,11559,morgan stanley india capital private,morgan,Morgan Stanley Capital Trust,66644,95.19999999999999,morgan stanley,Morgan Stanley Capital Trust,66644,95.19999999999999,morgan stanley india,Morgan Stanley India Investment Fund,140886,93.8
MORGAN STANLEY INDIA PRIMARY DEALER PRIVATE LI,11815,morgan stanley india primary dealer private li,morgan,Morgan Stanley Mandatorily Exchange Marvell,74976,93.39999999999999,morgan stanley,Morgan Stanley Mandatorily Exchange Marvell,74976,93.39999999999999,morgan stanley india,Morgan Stanley India Investment Fund,140886,92.6
Morgan Stanley International Incorporated,22209,morgan stanley international,morgan,Morgan Stanley Capital Trust,66644,95.19999999999999,morgan stanley,Morgan Stanley Capital Trust,66644,95.19999999999999,morgan stanley international,Morgan Stanley,198268,93.39999999999999
MORGAN STANLEY INTERNATIONAL LIMITED,9201,morgan stanley international,morgan,Morgan Stanley Capital Trust,66644,95.19999999999999,morgan stanley,Morgan Stanley Capital Trust,66644,95.19999999999999,morgan stanley international,Morgan Stanley,198268,93.39999999999999
"MORGAN STANLEY PRIVATE BANK, NATIONAL ASSOCIAT",23984,morgan stanley private bank national associat,morgan,Morgan Stanley Financial Cap Unit,198282,92.8,morgan stanley,Morgan Stanley Financial Cap Unit,198282,92.8,morgan stanley private,Morgan Stanley,198268,89.4
Morgan Stanley Secured Financing LLC,23089,morgan stanley secured financing,morgan,Morgan Stanley Finance PLC Unit,198283,95.0,morgan stanley,Morgan Stanley Finance Unit,198284,95.0,morgan stanley secured,Morgan Stanley,132920,92.2
MORHOMES PLC,9907,morhomes,morhomes,Incorporated Homes,73620,95.39999999999999,morhomes,Incorporated Homes,73620,95.39999999999999,morhomes,Incorporated Homes,73620,95.39999999999999
Morneau Shepell Inc.,4945,morneau shepell,morneau,Morneau Sobeco Income Fund,159749,90.8,morneau shepell,Mo,60623,84.8,morneau shepell,Mo,60623,84.8
MORRILL & JANES BANK AND TRUST COMPANY,23162,morrill & janes bank and company,morrill,Rril,104017,84.4,morrill &,Rril,104017,84.4,morrill & janes,Rril,104017,84.4
MOSELLE CLO S.A.,15166,moselle clo,moselle,Rhin et Moselle,170074,90.8,moselle clo,OS,112545,86.2,moselle clo,OS,112545,86.2
"MoSys, Inc.",19003,mosys,mosys,OS,112545,91.39999999999999,mosys,OS,112545,91.39999999999999,mosys,OS,112545,91.39999999999999
Motability Operations Group Plc,9374,motability operations group,motability,Ability,127820,88.2,motability operations,Ability,127820,88.2,motability operations group,NS Group,66949,89.2
"MOTA-ENGIL, ENGENHARIA E CONSTRUCAO AFRICA, S.",17074,mota-engil engenharia e construcao africa s.,mota-engil,Mota-Engil SGPS (XETRA),313772,90.2,mota-engil engenharia,Engil,178387,84.0,mota-engil engenharia e,Engil,178387,84.0
MOTILAL OSWAL FINVEST LIMITED,11877,motilal oswal finvest,motilal,Motilal Oswal M50 ETF,163672,95.19999999999999,motilal oswal,Motilal Oswal M50 ETF,163672,95.19999999999999,motilal oswal finvest,Finvest,7900,90.0
MOTILAL OSWAL SECURITIES LIMITED,11678,motilal oswal,motilal,Motilal Oswal M50 ETF,163672,95.19999999999999,motilal oswal,Motilal Oswal M50 ETF,163672,95.19999999999999,motilal oswal,Motilal Oswal M50 ETF,163672,95.19999999999999
Motion Bondco DAC,11083,motion bondco dac,motion,Motion Media,183253,92.39999999999999,motion bondco,Motio,84791,89.0,motion bondco dac,Motio,84791,89.0
Motion Finco S.a r.l.,15397,motion finco r.l.,motion,ACS Motion Control,127840,92.6,motion finco,Motio,84791,89.0,motion finco r.l.,Motio,84791,89.0
MOTIVA ENTERPRISES LLC,21730,motiva enterprises,motiva,Motivating the Masses,130801,92.39999999999999,motiva enterprises,Enterprise,46918,94.2,motiva enterprises,Enterprise,46918,94.2
MOTOR OIL FINANCE PLC,9656,motor oil finance,motor,Motor Trade Finances Limited,37211,95.19999999999999,motor oil,Motor Oil,89520,93.8,motor oil finance,Motor Oil,89520,93.8
MOUNTAIN CAPITAL CLO IV LTD.,14859,mountain capital clo iv,mountain,Rainy Mountain Capital,11573,94.2,mountain capital,Green Mountain Capital,73168,94.2,mountain capital clo,Mountain Cap,10209,93.8
MOUNTAIN MERGER SUB CORPORATION,24715,mountain merger sub corporation,mountain,North Mountain Merger Corporation Class B,198643,95.0,mountain merger,North Mountain Merger Corporation Class B,198643,95.0,mountain merger sub,North Mountain Merger A,137646,83.8
Movida Europe S.A.,15412,movida europe,movida,Movida Participacoes On,216537,91.2,movida europe,Europe,17350,92.6,movida europe,Europe,17350,92.6
Movida Locacao de Veiculos S.A.,4442,movida locacao de veiculos,movida,Movida Participacoes On,216537,91.39999999999999,movida locacao,Vida,13559,85.4,movida locacao de,Vida,13559,85.4
MOY PARK (BONDCO) PLC,9658,moy park (bondco),moy,Moya Asia (Berlin),288005,91.39999999999999,moy park,Ark,32366,86.0,moy park (bondco),Bond,41495,87.6
MP ENVIRONMENTAL FUNDING LLC,22371,mp environmental funding,mp,Olympic Environmental,75557,94.2,mp environmental,Security Environmental,216575,94.0,mp environmental funding,Security Environmental,216575,94.0
MPG HOLDCO I INC.,24006,mpg holdco i,mpg,MPG Office Trust,60656,91.0,mpg holdco,LDC,89398,88.0,mpg holdco i,LDC,89398,88.0
MPS BancaVerde S.p.A.,12276,mps bancaverde,mps,Oamps BNS DEF,152318,91.8,mps bancaverde,Security Banc,76741,88.8,mps bancaverde,Security Banc,76741,88.8
MPS Capital Services Banca per le Imprese SpA,12163,mps capital services banca per le imprese spa,mps,Public Service New Hampshire Preferred 13%,199627,90.2,mps capital,Capital Securities,115447,85.4,mps capital services,Capital Trust,99352,85.4
MPS CAPITAL TRUST I,21659,mps capital i,mps,MPS (National India),222316,92.2,mps capital,Security Capital,76742,94.0,mps capital i,Security Capital,76742,94.0
MPS Capital Trust II,21861,mps capital ii,mps,MPS (National India),222316,93.0,mps capital,Security Capital,200314,93.39999999999999,mps capital ii,Capital Securities,115447,93.39999999999999
MPS Leasing & Factoring SpA,12245,mps leasing & factoring spa,mps,Simpson Manufacturing (Pet),252341,91.8,mps leasing,MPS,102807,84.0,mps leasing &,MPS,102807,84.0
MPT Finance Corp,23490,mpt finance corp,mpt,Jumptv Incorporation,9324,91.2,mpt finance,MTD Finance,20295,87.6,mpt finance corp,MTD Finance,20295,87.6
"MPT Operating Partnership, L.P.",22230,mpt operating partnership,mpt,Brompton Property Group,5887,90.0,mpt operating,Opera Limited,173996,86.6,mpt operating partnership,Artner,107941,87.8
MPX Energia S.A.,4053,mpx energia,mpx,MPX International,84806,92.8,mpx energia,Energia,1580,95.6,mpx energia,Energia,1580,95.6
Mr Green & Co AB (publ),17598,mr green & co (publ),mr,MR Green&,43090,92.39999999999999,mr green,MR Green&,43090,92.39999999999999,mr green &,Gree,106572,86.6
MRCB SOUTHERN LINK BERHAD,15872,mrcb southern link berhad,mrcb,WMRC,51731,73.0,mrcb southern,Southern,132965,89.6,mrcb southern link,Southern,132965,89.6
MRH Capital Trust III,3880,mrh capital iii,mrh,RH,134945,84.8,mrh capital,Capital Securities,115447,92.8,mrh capital iii,Security Capital,200314,92.8
